SMILES,Conditions,Name,NCT_Number,Phases,Status,Gender,Age,Funded Bys,Study Designs,Locations,Patent_id,CPC,Gender_code_0,Gender_code_1,Gender_code_2,Gender_code_3,Age_code_0,Age_code_1,Age_code_2,Age_code_3,Age_code_4,Age_code_5,Allocation_Type_0,Allocation_Type_1,Allocation_Type_2,Allocation_Type_3,Intervention_Model_0,Intervention_Model_1,Intervention_Model_2,Intervention_Model_3,Intervention_Model_4,Intervention_Model_5,Country_0,Country_1,Country_2,Country_3,Country_4,Country_5,Funder_Type_0,Funder_Type_1,Funder_Type_2,Funder_Type_3,Funder_Type_4,Funder_Type_5,claims_#,Duration,Patent_#,PCT_code_0,PCT_code_1,CPC_code_0,CPC_code_2,CPC_code_3,CPC_code_4,CPC_code_5,PCT_code_2,CPC_code_1,logP,MW,PSA,HBA,HBD,Rings,Polarizability,Refractivity,Bond_#,Bioavailability_0,Bioavailability_1,Bioavailability_2,ECFP4.1,ECFP4.2,ECFP4.3,ECFP4.4,ECFP4.5,ECFP4.6,ECFP4.7,ECFP4.8,ECFP4.9,ECFP4.10,ECFP4.11,ECFP4.12,ECFP4.13,ECFP4.14,ECFP4.15,ECFP4.16,ECFP4.17,ECFP4.18,ECFP4.19,ECFP4.20,ECFP4.21,ECFP4.22,ECFP4.23,ECFP4.24,ECFP4.25,ECFP4.26,ECFP4.27,ECFP4.28,ECFP4.29,ECFP4.30,ECFP4.31,ECFP4.32,ECFP4.33,ECFP4.34,ECFP4.35,ECFP4.36,ECFP4.37,ECFP4.38,ECFP4.39,ECFP4.40,ECFP4.41,ECFP4.42,ECFP4.43,ECFP4.44,ECFP4.45,ECFP4.46,ECFP4.47,ECFP4.48,ECFP4.49,ECFP4.50,ECFP4.51,ECFP4.52,ECFP4.53,ECFP4.54,ECFP4.55,ECFP4.56,ECFP4.57,ECFP4.58,ECFP4.59,ECFP4.60,ECFP4.61,ECFP4.62,ECFP4.63,ECFP4.64,ECFP4.65,ECFP4.66,ECFP4.67,ECFP4.68,ECFP4.69,ECFP4.70,ECFP4.71,ECFP4.72,ECFP4.73,ECFP4.74,ECFP4.75,ECFP4.76,ECFP4.77,ECFP4.78,ECFP4.79,ECFP4.80,ECFP4.81,ECFP4.82,ECFP4.83,ECFP4.84,ECFP4.85,ECFP4.86,ECFP4.87,ECFP4.88,ECFP4.89,ECFP4.90,ECFP4.91,ECFP4.92,ECFP4.93,ECFP4.94,ECFP4.95,ECFP4.96,ECFP4.97,ECFP4.98,ECFP4.99,ECFP4.100,ECFP4.101,ECFP4.102,ECFP4.103,ECFP4.104,ECFP4.105,ECFP4.106,ECFP4.107,ECFP4.108,ECFP4.109,ECFP4.110,ECFP4.111,ECFP4.112,ECFP4.113,ECFP4.114,ECFP4.115,ECFP4.116,ECFP4.117,ECFP4.118,ECFP4.119,ECFP4.120,ECFP4.121,ECFP4.122,ECFP4.123,ECFP4.124,ECFP4.125,ECFP4.126,ECFP4.127,ECFP4.128
CC(C)(C(=O)O)c1ccc(C(O)CCCN2CCC(C(O)(c3ccccc3)c3ccccc3)CC2)cc1,GASTROESOPHAGEAL REFLUX,_FEXOFENADINE,NCT03425097,Phase 2,Recruiting,All,"18 Years to 90 Years   (Adult, Older Adult)",Other,"Allocation: Randomized|Intervention Model: Crossover Assignment|Masking: Double (Participant, Care Provider)|Primary Purpose: Treatment","Stanford Health Care, Redwood City, California, United States",5178878,A61K9/0056,1.0,0.0,0.0,0,0.0,1.0,0.0,0.0,0.0,0.0,0.0,0.0,0.0,1.0,0.0,1.0,0.0,0.0,0.0,0.0,0.0,1.0,0.0,0.0,0.0,0.0,0,1.0,0.0,0.0,0.0,0.0,13.0,8.903673586726619,133.0,0.0,1.0,0.0,0.0,0.0,1.0,0.0,0.0,0.0,5.02,501.6564,81.0,5.0,3.0,4.0,57.42,147.98,10.0,0.0,1.0,0.0,0.0,1.0,0.0,0.0,0.0,1.0,0.0,1.0,1.0,1.0,1.0,0.0,0.0,1.0,0.0,0.0,1.0,0.0,0.0,0.0,0.0,0.0,0.0,0.0,0.0,0.0,0.0,0.0,0.0,1.0,1.0,0.0,0.0,1.0,0.0,0.0,1.0,0.0,0.0,1.0,1.0,0.0,0.0,0.0,0.0,1.0,0.0,1.0,0.0,0.0,0.0,0.0,0.0,0.0,0.0,0.0,0.0,1.0,0.0,0.0,0.0,1.0,0.0,0.0,1.0,0.0,0.0,1.0,0.0,0.0,0.0,0.0,1.0,0.0,1.0,0.0,0.0,1.0,0.0,0.0,1.0,1.0,1.0,0.0,0.0,1.0,1.0,0.0,0.0,0.0,0.0,0.0,0.0,0.0,0.0,0.0,0.0,1.0,0.0,1.0,1.0,0.0,0.0,0.0,1.0,0.0,0.0,0.0,0.0,1.0,0.0,0.0,0.0,0.0,1.0,0.0,1.0,1.0,0.0,1.0,0.0,1.0,0.0,1.0,0.0,1.0,0.0,1.0
COc1ccc2nc(S(=O)Cc3ncc(C)c(OC)c3C)[nH]c2c1,GASTROESOPHAGEAL REFLUX DISEASE,_OMEPRAZOLE,NCT03367195,Phase 3,Recruiting,All,"18 Years to 65 Years   (Adult, Older Adult)",Industry,"Allocation: Randomized|Intervention Model: Parallel Assignment|Masking: Quadruple (Participant, Care Provider, Investigator, Outcomes Assessor)|Primary Purpose: Treatment","Division of Gastroenterohepatology Department of Internal Medicine Faculty of Medicine, University of Padjajaran Dr. Hasan Sadikin Hospital, Bandung, Indonesia|Division of Gastroenterology Department of Internal Medicine Faculty of Medicine, University of Indonesia Dr. Cipto Mangunkusumo National General Hospital, Jakarta, Indonesia|Division of Gastroenterohepatology Department of Internal Medicine Faculty of Medicine, University of Diponegoro Dr. Kariadi Hospital, Semarang, Indonesia|Division of Gastroenterohepatology Department of Internal Medicine Faculty of Medicine, University of Airlangga Dr. Soetomo Hospital, Surabaya, Indonesia|Division of Gastroenterohepatology Department of Internal Medicine Faculty of Medicine, University of Gadjah Mada Dr. Sardjito Hospital, Yogyakarta, Indonesia",5690960.0,4,1.0,0.0,0.0,0,0.0,1.0,0.0,0.0,0.0,0.0,0.0,0.0,0.0,1.0,0.0,0.0,0.0,1.0,0.0,0.0,1.0,0.0,0.0,0.0,0.0,0.0,0,0.0,1.0,0.0,0.0,0.0,22.0,37.94739111686071,294.0,0.0,1.0,0.0,1.0,0.0,0.0,0.0,0.0,0.0,1.66,345.416,77.1,5.0,1.0,3.0,37.45,93.66,5.0,0.0,1.0,0.0,1.0,0.0,0.0,0.0,0.0,0.0,0.0,0.0,0.0,0.0,1.0,0.0,0.0,1.0,0.0,0.0,0.0,0.0,0.0,0.0,0.0,0.0,0.0,0.0,0.0,0.0,0.0,0.0,0.0,0.0,0.0,0.0,0.0,1.0,0.0,0.0,0.0,0.0,0.0,0.0,0.0,0.0,0.0,1.0,1.0,0.0,0.0,0.0,1.0,0.0,0.0,0.0,1.0,1.0,0.0,1.0,0.0,0.0,1.0,0.0,0.0,0.0,0.0,1.0,0.0,1.0,1.0,0.0,0.0,0.0,0.0,0.0,0.0,1.0,1.0,1.0,0.0,1.0,1.0,0.0,1.0,1.0,1.0,0.0,0.0,0.0,1.0,1.0,0.0,0.0,1.0,0.0,0.0,1.0,0.0,0.0,0.0,0.0,0.0,0.0,1.0,0.0,0.0,0.0,1.0,1.0,0.0,1.0,0.0,1.0,1.0,1.0,1.0,1.0,1.0,0.0,0.0,1.0,0.0,1.0,0.0,0.0,1.0,0.0,1.0,0.0,0.0,1.0
C[C@]12C[C@H](O)[C@@]3(F)[C@@H](CCC4=CC(=O)C=C[C@@]43C)[C@@H]1C[C@@H](O)[C@]2(O)C(=O)CO,PROLIFERATIVE DIABETIC RETINOPATHY,_TRIAMCINOLONE,NCT02447185,Phase 3,Recruiting,All,"18 Years to 70 Years   (Adult, Older Adult)",Other,Allocation: Randomized|Intervention Model: Parallel Assignment|Masking: Single (Participant)|Primary Purpose: Prevention,"The First People Hospital of Xuzhou, Xuzhou, Jiangsu, China",5976573,5,1.0,0.0,0.0,0,0.0,1.0,0.0,0.0,0.0,0.0,0.0,0.0,0.0,1.0,0.0,0.0,0.0,1.0,0.0,0.0,0.0,0.0,1.0,0.0,0.0,0.0,0,1.0,0.0,0.0,0.0,0.0,35.0,39.9843939300601,1433.0,0.0,1.0,0.0,0.0,1.0,0.0,0.0,0.0,0.0,0.84,394.4339,115.06,6.0,4.0,4.0,39.79,99.38,2.0,0.0,1.0,0.0,1.0,0.0,1.0,0.0,0.0,0.0,0.0,1.0,1.0,0.0,1.0,0.0,1.0,1.0,0.0,0.0,0.0,0.0,1.0,1.0,1.0,0.0,0.0,0.0,0.0,1.0,0.0,0.0,1.0,0.0,1.0,0.0,0.0,1.0,0.0,1.0,1.0,0.0,0.0,1.0,1.0,0.0,1.0,0.0,0.0,1.0,0.0,0.0,0.0,0.0,0.0,0.0,0.0,0.0,1.0,1.0,0.0,0.0,1.0,0.0,0.0,1.0,0.0,0.0,0.0,0.0,0.0,0.0,0.0,0.0,0.0,1.0,0.0,0.0,1.0,0.0,1.0,1.0,0.0,0.0,1.0,1.0,0.0,0.0,1.0,0.0,0.0,0.0,1.0,0.0,0.0,0.0,0.0,0.0,1.0,0.0,0.0,0.0,0.0,0.0,1.0,1.0,0.0,0.0,1.0,1.0,0.0,0.0,1.0,0.0,1.0,0.0,0.0,0.0,0.0,0.0,0.0,0.0,0.0,0.0,1.0,0.0,1.0,1.0,1.0,1.0,0.0,1.0
CC1(C)O[C@@H]2C[C@H]3[C@@H]4CCC5=CC(=O)C=C[C@]5(C)[C@@]4(F)[C@@H](O)C[C@]3(C)[C@]2(C(=O)CO)O1,PROLIFERATIVE DIABETIC RETINOPATHY,_TRIAMCINOLONE_ACETONIDE,NCT02447185,Phase 3,Recruiting,All,"18 Years to 70 Years   (Adult, Older Adult)",Other,Allocation: Randomized|Intervention Model: Parallel Assignment|Masking: Single (Participant)|Primary Purpose: Prevention,"The First People Hospital of Xuzhou, Xuzhou, Jiangsu, China",3962430,A61L2/0023,1.0,0.0,0.0,0,0.0,1.0,0.0,0.0,0.0,0.0,0.0,0.0,0.0,1.0,0.0,0.0,0.0,1.0,0.0,0.0,0.0,0.0,1.0,0.0,0.0,0.0,0,1.0,0.0,0.0,0.0,0.0,6.0,10.842111747674403,919.0,0.0,1.0,0.0,0.0,0.0,0.0,1.0,0.0,0.0,2.1233,442.0703,112.1969,5.0,2.0,3.0,44.7137,115.5493,5.0,0.0,0.0,1.0,1.0,0.0,0.0,0.0,0.0,0.0,0.0,1.0,1.0,1.0,1.0,0.0,1.0,0.0,1.0,0.0,1.0,1.0,1.0,1.0,1.0,0.0,0.0,0.0,0.0,0.0,0.0,0.0,1.0,0.0,1.0,0.0,0.0,1.0,1.0,1.0,1.0,0.0,0.0,1.0,1.0,0.0,1.0,0.0,0.0,1.0,1.0,0.0,0.0,0.0,0.0,0.0,0.0,0.0,1.0,1.0,0.0,0.0,1.0,0.0,0.0,1.0,0.0,1.0,1.0,0.0,1.0,0.0,0.0,0.0,0.0,1.0,0.0,0.0,1.0,0.0,1.0,1.0,0.0,0.0,1.0,1.0,0.0,0.0,1.0,0.0,0.0,0.0,1.0,0.0,0.0,0.0,0.0,0.0,1.0,1.0,1.0,0.0,0.0,0.0,1.0,1.0,0.0,0.0,0.0,1.0,0.0,0.0,1.0,0.0,1.0,0.0,0.0,0.0,0.0,0.0,0.0,0.0,0.0,0.0,1.0,0.0,1.0,1.0,0.0,1.0,0.0,1.0
CN(C)CCC=C1c2ccccc2CCc2ccccc21,GERD,_AMITRIPTYLINE,NCT04292470,Not Applicable,Recruiting,All,24 Years to 64 Years   (Adult),Other|NIH,Allocation: N/A|Intervention Model: Single Group Assignment|Masking: None (Open Label)|Primary Purpose: Treatment,"University of California Davis Medical Center, Sacramento, California, United States",3965255.0,A61K9/282,1.0,0.0,0.0,0,1.0,0.0,0.0,0.0,0.0,0.0,0.0,1.0,0.0,0.0,0.0,0.0,0.0,0.0,0.0,1.0,0.0,1.0,0.0,0.0,0.0,0.0,0,0.0,0.0,0.0,1.0,0.0,9.0,25.725374237664,663.0,0.0,1.0,0.0,0.0,0.0,1.0,0.0,0.0,0.0,5.1,277.4033,3.24,1.0,0.0,3.0,33.74,101.51,3.0,0.0,1.0,0.0,0.0,1.0,1.0,0.0,0.0,0.0,0.0,0.0,0.0,0.0,0.0,1.0,1.0,0.0,1.0,0.0,0.0,1.0,0.0,0.0,0.0,0.0,0.0,0.0,1.0,0.0,0.0,0.0,0.0,0.0,1.0,1.0,0.0,1.0,0.0,0.0,0.0,0.0,0.0,0.0,0.0,0.0,0.0,0.0,1.0,0.0,0.0,1.0,0.0,0.0,0.0,0.0,0.0,1.0,1.0,0.0,0.0,0.0,0.0,0.0,0.0,0.0,0.0,0.0,1.0,0.0,0.0,0.0,0.0,0.0,0.0,0.0,0.0,0.0,1.0,0.0,0.0,0.0,0.0,0.0,1.0,1.0,0.0,0.0,1.0,0.0,1.0,0.0,1.0,0.0,0.0,0.0,0.0,0.0,1.0,1.0,1.0,0.0,0.0,0.0,1.0,0.0,0.0,0.0,0.0,0.0,0.0,0.0,0.0,1.0,0.0,0.0,0.0,1.0,0.0,0.0,0.0,0.0,1.0,0.0,0.0,0.0,0.0,0.0,0.0,0.0,0.0,0.0
O=C(Nc1ccc([N+](=O)[O-])cc1Cl)c1cc(Cl)ccc1O,FAMILIAL ADENOMATOUS POLYPOSIS,_NICLOSAMIDE,NCT04296851,Phase 2,Recruiting,All,"20 Years to 65 Years   (Adult, Older Adult)",Other,"Allocation: Randomized|Intervention Model: Parallel Assignment|Masking: Quadruple (Participant, Care Provider, Investigator, Outcomes Assessor)|Primary Purpose: Treatment","Department of Internal Medicine, Yonsei University College of Medicine, Seoul, Korea, Republic of",4283400,A23K10/20,1.0,0.0,0.0,0,0.0,1.0,0.0,0.0,0.0,0.0,0.0,0.0,0.0,1.0,0.0,0.0,0.0,1.0,0.0,0.0,0.0,0.0,0.0,1.0,0.0,0.0,0,1.0,0.0,0.0,0.0,0.0,6.0,23.0312737427873,319.0,0.0,1.0,0.0,0.0,0.0,0.0,1.0,0.0,0.0,4.49,327.12,95.15,4.0,2.0,2.0,28.47,80.51,3.0,0.0,1.0,0.0,1.0,0.0,0.0,0.0,0.0,0.0,0.0,0.0,0.0,0.0,1.0,0.0,0.0,0.0,0.0,0.0,1.0,1.0,0.0,1.0,1.0,0.0,1.0,0.0,1.0,0.0,0.0,0.0,0.0,0.0,0.0,0.0,0.0,0.0,0.0,0.0,0.0,1.0,0.0,1.0,0.0,0.0,0.0,1.0,0.0,0.0,0.0,0.0,1.0,1.0,0.0,1.0,0.0,0.0,0.0,0.0,0.0,0.0,0.0,1.0,0.0,0.0,0.0,0.0,1.0,0.0,1.0,1.0,0.0,0.0,1.0,1.0,1.0,0.0,0.0,1.0,0.0,0.0,0.0,1.0,0.0,1.0,0.0,0.0,0.0,0.0,1.0,0.0,1.0,0.0,0.0,0.0,0.0,0.0,0.0,0.0,1.0,0.0,0.0,0.0,1.0,0.0,1.0,0.0,0.0,0.0,0.0,1.0,0.0,1.0,1.0,0.0,0.0,1.0,0.0,0.0,0.0,0.0,0.0,0.0,1.0,0.0,1.0,0.0,0.0,1.0,0.0,0.0
Cc1c(OCC(F)(F)F)ccnc1C[S@@](=O)c1nc2ccccc2[nH]1,GASTRO ESOPHAGEAL REFLUX,_DEXLANSOPRAZOLE,NCT03202537,Early Phase 1,Enrolling by invitation,All,"18 Years to 80 Years   (Adult, Older Adult)",Other,Allocation: N/A|Intervention Model: Single Group Assignment|Masking: None (Open Label)|Primary Purpose: Other,"Northwestern Memorial Health Care, Chicago, Illinois, United States",6238994,H01L28/84,1.0,0.0,0.0,0,0.0,1.0,0.0,0.0,0.0,0.0,0.0,1.0,0.0,0.0,0.0,0.0,0.0,0.0,0.0,1.0,0.0,1.0,0.0,0.0,0.0,0.0,0,1.0,0.0,0.0,0.0,0.0,18.0,38.5387790303702,62.0,0.0,1.0,0.0,0.0,0.0,0.0,1.0,0.0,0.0,2.84,369.36,67.87,4.0,1.0,3.0,34.5,87.61,6.0,0.0,1.0,0.0,0.0,0.0,0.0,0.0,0.0,0.0,0.0,1.0,1.0,0.0,1.0,0.0,0.0,0.0,0.0,0.0,0.0,0.0,0.0,1.0,0.0,0.0,0.0,1.0,0.0,0.0,0.0,0.0,0.0,0.0,0.0,0.0,0.0,1.0,0.0,0.0,0.0,1.0,0.0,0.0,0.0,1.0,0.0,1.0,1.0,1.0,0.0,1.0,0.0,0.0,1.0,0.0,1.0,0.0,0.0,1.0,0.0,0.0,1.0,0.0,0.0,0.0,0.0,1.0,1.0,0.0,0.0,0.0,0.0,0.0,0.0,0.0,0.0,1.0,1.0,1.0,0.0,0.0,1.0,0.0,1.0,1.0,0.0,0.0,1.0,1.0,1.0,1.0,1.0,0.0,1.0,0.0,0.0,1.0,0.0,0.0,0.0,1.0,0.0,0.0,1.0,0.0,0.0,1.0,1.0,1.0,0.0,0.0,0.0,1.0,1.0,0.0,0.0,1.0,1.0,0.0,0.0,0.0,0.0,1.0,0.0,0.0,1.0,0.0,1.0,0.0,0.0,0.0
CC(=O)N[C@@H]1C(O[C@@H]2O[C@H](C(=O)O)[C@@H](O)[C@H](O)[C@H]2O)[C@H](O)[C@@H](CO)O[C@H]1O[C@@H]1[C@@H](C(=O)O)O[C@@H](OC2[C@H](O)[C@@H](CO)O[C@@H](O)[C@@H]2NC(C)=O)[C@H](O)[C@H]1O,GASTRO ESOPHAGEAL REFLUX,_HYALURONIC_ACID,NCT04202692,Not Applicable,Recruiting,All,"18 Years to 80 Years   (Adult, Older Adult)",Industry,"Allocation: Randomized|Intervention Model: Crossover Assignment|Masking: Triple (Participant, Care Provider, Investigator)|Primary Purpose: Treatment","Diakonie Klinikum GmbH - Jung- Stilling Krankenhaus, Siegen, Nordrhein-Westfalen, Germany",,,1.0,0.0,0.0,0,0.0,1.0,0.0,0.0,0.0,0.0,0.0,0.0,0.0,1.0,0.0,1.0,0.0,0.0,0.0,0.0,1.0,0.0,0.0,0.0,0.0,0.0,0,0.0,1.0,0.0,0.0,0.0,15.0,32.7488,128.0,0.0,0.0,0.0,0.0,0.0,0.0,1.0,1.0,0.0,-1.8,776.6486,399.71,23.0,14.0,4.0,70.56,155.1,12.0,1.0,0.0,0.0,1.0,1.0,0.0,1.0,1.0,1.0,0.0,0.0,1.0,0.0,1.0,0.0,0.0,1.0,0.0,0.0,1.0,0.0,0.0,0.0,0.0,0.0,0.0,1.0,1.0,0.0,0.0,1.0,0.0,0.0,1.0,0.0,0.0,1.0,0.0,0.0,0.0,0.0,0.0,1.0,0.0,0.0,0.0,1.0,0.0,0.0,0.0,0.0,1.0,0.0,0.0,0.0,0.0,1.0,1.0,1.0,1.0,1.0,0.0,1.0,0.0,0.0,0.0,0.0,1.0,0.0,0.0,1.0,0.0,0.0,0.0,0.0,0.0,0.0,0.0,0.0,0.0,0.0,1.0,1.0,1.0,0.0,1.0,0.0,0.0,0.0,0.0,0.0,0.0,1.0,0.0,0.0,0.0,0.0,1.0,0.0,0.0,0.0,1.0,0.0,1.0,1.0,0.0,0.0,0.0,1.0,0.0,1.0,1.0,0.0,0.0,0.0,0.0,0.0,0.0,0.0,0.0,1.0,0.0,0.0,1.0,1.0,0.0,1.0,0.0,1.0,0.0,0.0
O=[Si]([O-])O[Si]([O-])([O-])O[Si](=O)[O-].[Mg+2].[Mg+2],GASTRO ESOPHAGEAL REFLUX,_MAGNESIUM_TRISILICATE,NCT04202692,Not Applicable,Recruiting,All,"18 Years to 80 Years   (Adult, Older Adult)",Industry,"Allocation: Randomized|Intervention Model: Crossover Assignment|Masking: Triple (Participant, Care Provider, Investigator)|Primary Purpose: Treatment","Diakonie Klinikum GmbH - Jung- Stilling Krankenhaus, Siegen, Nordrhein-Westfalen, Germany",,,1.0,0.0,0.0,0,0.0,1.0,0.0,0.0,0.0,0.0,0.0,0.0,0.0,1.0,0.0,1.0,0.0,0.0,0.0,0.0,1.0,0.0,0.0,0.0,0.0,0.0,0,0.0,1.0,0.0,0.0,0.0,15.0,32.7488,128.0,0.0,0.0,0.0,0.0,0.0,0.0,1.0,1.0,0.0,-2.7,260.857,144.84,6.0,0.0,0.0,11.91,11.36,4.0,0.0,1.0,0.0,0.0,0.0,0.0,0.0,0.0,0.0,0.0,0.0,0.0,1.0,1.0,0.0,0.0,0.0,0.0,0.0,1.0,0.0,0.0,0.0,0.0,0.0,0.0,0.0,0.0,0.0,0.0,0.0,0.0,0.0,0.0,0.0,0.0,0.0,0.0,0.0,0.0,0.0,0.0,0.0,0.0,0.0,0.0,0.0,0.0,1.0,0.0,0.0,0.0,0.0,0.0,0.0,0.0,0.0,0.0,1.0,0.0,0.0,0.0,0.0,0.0,0.0,0.0,0.0,0.0,0.0,0.0,0.0,0.0,0.0,0.0,0.0,0.0,0.0,0.0,1.0,1.0,0.0,0.0,0.0,0.0,0.0,0.0,1.0,0.0,0.0,0.0,0.0,0.0,0.0,0.0,0.0,0.0,0.0,0.0,0.0,0.0,0.0,0.0,0.0,0.0,0.0,0.0,0.0,0.0,0.0,0.0,0.0,1.0,0.0,0.0,1.0,0.0,1.0,1.0,0.0,1.0,0.0,0.0,0.0,0.0,0.0,1.0,1.0,0.0,0.0,0.0,0.0
Cn1c(=O)c2c(ncn2C)n(C)c1=O,CATARACT,_CAFFEINE,NCT03534973,Not Applicable,Recruiting,All,"21 Years to 105 Years   (Adult, Older Adult)",Other,Allocation: Randomized|Intervention Model: Parallel Assignment|Masking: Single (Outcomes Assessor)|Primary Purpose: Prevention,"Vienna Institute for Research in Ocular Surgery (VIROS), Vienna, Austria",5972916.0,5,1.0,0.0,0.0,0,0.0,1.0,0.0,0.0,0.0,0.0,0.0,0.0,0.0,1.0,0.0,0.0,0.0,1.0,0.0,0.0,1.0,0.0,0.0,0.0,0.0,0.0,0,1.0,0.0,0.0,0.0,0.0,17.0,20.468592784246,2772.0,0.0,1.0,0.0,0.0,1.0,0.0,0.0,0.0,0.0,-0.24,194.1906,58.44,3.0,0.0,2.0,18.95,49.83,0.0,0.0,1.0,0.0,1.0,1.0,0.0,1.0,0.0,0.0,0.0,0.0,0.0,0.0,1.0,0.0,0.0,0.0,0.0,0.0,1.0,0.0,0.0,0.0,0.0,0.0,0.0,0.0,0.0,0.0,0.0,1.0,0.0,0.0,0.0,0.0,1.0,1.0,0.0,0.0,1.0,0.0,0.0,1.0,0.0,0.0,0.0,0.0,1.0,0.0,0.0,0.0,0.0,0.0,0.0,1.0,1.0,0.0,0.0,0.0,0.0,0.0,1.0,0.0,0.0,0.0,0.0,0.0,0.0,0.0,0.0,0.0,0.0,0.0,0.0,0.0,0.0,0.0,1.0,0.0,0.0,0.0,0.0,1.0,0.0,1.0,0.0,0.0,0.0,0.0,0.0,0.0,0.0,0.0,0.0,0.0,0.0,0.0,0.0,0.0,0.0,0.0,0.0,0.0,1.0,0.0,0.0,0.0,0.0,0.0,1.0,0.0,0.0,1.0,0.0,0.0,0.0,0.0,0.0,0.0,0.0,0.0,0.0,0.0,1.0,1.0,1.0,0.0,0.0,0.0,0.0,0.0
CCC(=O)O[C@]1(C(=O)CCl)[C@@H](C)C[C@H]2[C@@H]3CCC4=CC(=O)C=C[C@]4(C)[C@@]3(F)[C@@H](O)C[C@@]21C,CATARACT,_CLOBETASOL_PROPIONATE,NCT04249076,Phase 3,Recruiting,All,"18 Years and older   (Adult, Older Adult)",Industry,"Allocation: Randomized|Intervention Model: Parallel Assignment|Masking: Double (Participant, Investigator)|Primary Purpose: Treatment","Arizona Glaucoma Specialists, Phoenix, Arizona, United States|Walman Eye Center, Sun City, Arizona, United States|Inland Eye Specialists, Hemet, California, United States|United Medical Research Institute, Inglewood, California, United States|Visionary Eye Institute, Newport Beach, California, United States|Levenson Eye Associates, Jacksonville, Florida, United States|International Eye Associates, PA, Ormond Beach, Florida, United States|Andrew Gardner Logan dba Ophthalmic Research LLC, Tamarac, Florida, United States|Eye Consultants of Atlanta, Atlanta, Georgia, United States|Kannarr Eye Care, Pittsburg, Kansas, United States|Ophalmology Associates, Saint Louis, Missouri, United States|Comprehensive Eye Care Ltd, Washington, Missouri, United States|NV Eyey Surgery, Henderson, Nevada, United States|Houston Eye Associates, Houston, Texas, United States|Robert Cizik Eye Clinic, Houston, Texas, United States|Shah Eye Center, Mission, Texas, United States|Braverman-Terry-Oei Eye Associates, San Antonio, Texas, United States|Stacy R. Smith, M.D., P.C., Salt Lake City, Utah, United States|Virgina Eye Consultants, Norfolk, Virginia, United States",6106848,A61K8/062,1.0,0.0,0.0,0,0.0,1.0,0.0,0.0,0.0,0.0,0.0,0.0,0.0,1.0,0.0,0.0,0.0,1.0,0.0,0.0,0.0,1.0,0.0,0.0,0.0,0.0,0,0.0,1.0,0.0,0.0,0.0,20.0,34.9904515493131,799.0,0.0,1.0,0.0,0.0,0.0,0.0,1.0,0.0,0.0,3.49,466.97,80.67,4.0,1.0,4.0,48.28,119.32,5.0,0.0,1.0,0.0,0.0,1.0,1.0,0.0,0.0,0.0,0.0,1.0,1.0,0.0,1.0,0.0,1.0,0.0,0.0,0.0,0.0,0.0,1.0,1.0,1.0,0.0,1.0,0.0,0.0,0.0,0.0,1.0,1.0,1.0,1.0,0.0,0.0,1.0,0.0,1.0,1.0,0.0,1.0,1.0,1.0,0.0,1.0,0.0,0.0,1.0,0.0,1.0,0.0,0.0,1.0,0.0,0.0,1.0,1.0,1.0,0.0,0.0,1.0,0.0,0.0,1.0,0.0,0.0,0.0,0.0,0.0,0.0,0.0,0.0,0.0,1.0,0.0,0.0,1.0,0.0,1.0,1.0,0.0,0.0,1.0,1.0,0.0,0.0,1.0,1.0,0.0,0.0,1.0,0.0,0.0,0.0,0.0,0.0,0.0,0.0,0.0,0.0,1.0,1.0,1.0,1.0,0.0,0.0,1.0,1.0,1.0,0.0,1.0,0.0,1.0,0.0,0.0,0.0,0.0,0.0,0.0,0.0,0.0,0.0,1.0,0.0,1.0,1.0,0.0,1.0,0.0,1.0
C[C@H]1C[C@H]2[C@@H]3CCC4=CC(=O)C=C[C@]4(C)[C@@]3(F)[C@@H](O)C[C@]2(C)[C@@]1(O)C(=O)CCl,CATARACT,_CLOBETASOL,NCT04249076,Phase 3,Recruiting,All,"18 Years and older   (Adult, Older Adult)",Industry,"Allocation: Randomized|Intervention Model: Parallel Assignment|Masking: Double (Participant, Investigator)|Primary Purpose: Treatment","Arizona Glaucoma Specialists, Phoenix, Arizona, United States|Walman Eye Center, Sun City, Arizona, United States|Inland Eye Specialists, Hemet, California, United States|United Medical Research Institute, Inglewood, California, United States|Visionary Eye Institute, Newport Beach, California, United States|Levenson Eye Associates, Jacksonville, Florida, United States|International Eye Associates, PA, Ormond Beach, Florida, United States|Andrew Gardner Logan dba Ophthalmic Research LLC, Tamarac, Florida, United States|Eye Consultants of Atlanta, Atlanta, Georgia, United States|Kannarr Eye Care, Pittsburg, Kansas, United States|Ophalmology Associates, Saint Louis, Missouri, United States|Comprehensive Eye Care Ltd, Washington, Missouri, United States|NV Eyey Surgery, Henderson, Nevada, United States|Houston Eye Associates, Houston, Texas, United States|Robert Cizik Eye Clinic, Houston, Texas, United States|Shah Eye Center, Mission, Texas, United States|Braverman-Terry-Oei Eye Associates, San Antonio, Texas, United States|Stacy R. Smith, M.D., P.C., Salt Lake City, Utah, United States|Virgina Eye Consultants, Norfolk, Virginia, United States",4333927,6,1.0,0.0,0.0,0,0.0,1.0,0.0,0.0,0.0,0.0,0.0,0.0,0.0,1.0,0.0,0.0,0.0,1.0,0.0,0.0,0.0,1.0,0.0,0.0,0.0,0.0,0,0.0,1.0,0.0,0.0,0.0,23.0,14.8504076059056,513.0,0.0,1.0,1.0,0.0,0.0,0.0,0.0,0.0,0.0,2.72,410.907,74.6,4.0,2.0,4.0,41.97,105.54,2.0,0.0,1.0,0.0,0.0,0.0,1.0,0.0,0.0,0.0,0.0,1.0,1.0,0.0,1.0,0.0,1.0,1.0,0.0,0.0,0.0,0.0,1.0,1.0,1.0,0.0,0.0,0.0,0.0,0.0,0.0,1.0,1.0,1.0,1.0,0.0,0.0,1.0,0.0,1.0,1.0,0.0,0.0,1.0,1.0,0.0,1.0,0.0,0.0,1.0,0.0,0.0,1.0,0.0,1.0,0.0,0.0,0.0,1.0,1.0,0.0,0.0,1.0,0.0,0.0,1.0,0.0,0.0,0.0,0.0,0.0,0.0,0.0,0.0,0.0,1.0,0.0,1.0,1.0,0.0,1.0,1.0,0.0,0.0,1.0,1.0,0.0,0.0,1.0,1.0,0.0,0.0,1.0,0.0,0.0,0.0,0.0,0.0,0.0,0.0,0.0,0.0,0.0,0.0,1.0,1.0,0.0,0.0,0.0,1.0,1.0,0.0,1.0,0.0,1.0,0.0,0.0,0.0,0.0,0.0,0.0,1.0,0.0,0.0,1.0,0.0,1.0,1.0,1.0,1.0,0.0,1.0
CCCC1O[C@@H]2C[C@H]3[C@@H]4CCC5=CC(=O)C=C[C@]5(C)[C@H]4[C@@H](O)C[C@]3(C)[C@]2(C(=O)CO)O1,CHRONIC SINUSITIS,_BUDESONIDE,NCT04163978,Phase 2,Recruiting,All,"19 Years and older   (Adult, Older Adult)",Industry,"Allocation: Randomized|Intervention Model: Parallel Assignment|Masking: Quadruple (Participant, Care Provider, Investigator, Outcomes Assessor)|Primary Purpose: Treatment","St. Paul's Hospital, Vancouver, British Columbia, Canada",6123924,A61K9/008,1.0,0.0,0.0,0,0.0,1.0,0.0,0.0,0.0,0.0,0.0,0.0,0.0,1.0,0.0,0.0,0.0,1.0,0.0,0.0,0.0,0.0,0.0,0.0,0.0,1.0,0,0.0,1.0,0.0,0.0,0.0,16.0,63.67276535452471,838.0,0.0,1.0,0.0,0.0,0.0,1.0,0.0,0.0,0.0,2.42,430.5339,93.06,6.0,2.0,5.0,47.11,116.11,4.0,0.0,1.0,0.0,1.0,1.0,0.0,0.0,0.0,1.0,0.0,1.0,0.0,0.0,1.0,0.0,1.0,0.0,0.0,0.0,1.0,0.0,1.0,1.0,1.0,0.0,0.0,0.0,1.0,0.0,1.0,0.0,1.0,0.0,1.0,0.0,0.0,1.0,1.0,1.0,1.0,0.0,1.0,1.0,0.0,0.0,1.0,0.0,0.0,1.0,1.0,0.0,0.0,0.0,0.0,1.0,0.0,0.0,1.0,0.0,0.0,0.0,1.0,0.0,0.0,0.0,0.0,1.0,1.0,0.0,1.0,0.0,0.0,0.0,0.0,1.0,0.0,0.0,1.0,0.0,1.0,1.0,1.0,0.0,1.0,1.0,0.0,0.0,1.0,0.0,0.0,0.0,0.0,0.0,1.0,0.0,0.0,0.0,1.0,1.0,0.0,1.0,0.0,0.0,1.0,1.0,0.0,0.0,0.0,1.0,0.0,0.0,0.0,0.0,1.0,0.0,1.0,1.0,0.0,1.0,0.0,1.0,0.0,0.0,1.0,0.0,1.0,1.0,1.0,1.0,0.0,0.0
CCCC1O[C@@H]2C[C@H]3[C@@H]4CCC5=CC(=O)C=C[C@]5(C)[C@H]4[C@@H](O)C[C@]3(C)[C@]2(C(=O)CO)O1,SINUSITIS,_BUDESONIDE,NCT03584178,Not Applicable,Recruiting,All,"19 Years to 75 Years   (Adult, Older Adult)",Other,Allocation: Randomized|Intervention Model: Parallel Assignment|Masking: None (Open Label)|Primary Purpose: Supportive Care,"St Paul Hospital, Vancouver, British Columbia, Canada",6123924,A61K9/008,1.0,0.0,0.0,0,0.0,1.0,0.0,0.0,0.0,0.0,0.0,0.0,0.0,1.0,0.0,0.0,0.0,1.0,0.0,0.0,0.0,0.0,0.0,0.0,0.0,1.0,0,1.0,0.0,0.0,0.0,0.0,16.0,63.67276535452471,838.0,0.0,1.0,0.0,0.0,0.0,1.0,0.0,0.0,0.0,2.42,430.5339,93.06,6.0,2.0,5.0,47.11,116.11,4.0,0.0,1.0,0.0,1.0,1.0,0.0,0.0,0.0,1.0,0.0,1.0,0.0,0.0,1.0,0.0,1.0,0.0,0.0,0.0,1.0,0.0,1.0,1.0,1.0,0.0,0.0,0.0,1.0,0.0,1.0,0.0,1.0,0.0,1.0,0.0,0.0,1.0,1.0,1.0,1.0,0.0,1.0,1.0,0.0,0.0,1.0,0.0,0.0,1.0,1.0,0.0,0.0,0.0,0.0,1.0,0.0,0.0,1.0,0.0,0.0,0.0,1.0,0.0,0.0,0.0,0.0,1.0,1.0,0.0,1.0,0.0,0.0,0.0,0.0,1.0,0.0,0.0,1.0,0.0,1.0,1.0,1.0,0.0,1.0,1.0,0.0,0.0,1.0,0.0,0.0,0.0,0.0,0.0,1.0,0.0,0.0,0.0,1.0,1.0,0.0,1.0,0.0,0.0,1.0,1.0,0.0,0.0,0.0,1.0,0.0,0.0,0.0,0.0,1.0,0.0,1.0,1.0,0.0,1.0,0.0,1.0,0.0,0.0,1.0,0.0,1.0,1.0,1.0,1.0,0.0,0.0
CO/N=C(\C(=O)N[C@@H]1C(=O)N2C(C(=O)O)=C(COC(N)=O)CS[C@H]12)c1ccco1,ENDOPHTHALMITIS POSTOPERATIVE,_CEFUROXIME,NCT04212078,Phase 1|Phase 2,Recruiting,All,"50 Years to 80 Years   (Adult, Older Adult)",Other|Industry,"Allocation: Randomized|Intervention Model: Parallel Assignment|Masking: Quadruple (Participant, Care Provider, Investigator, Outcomes Assessor)|Primary Purpose: Prevention","UKM Medical Centre, Kuala Lumpur, Wilayah Persekutuan, Malaysia",,,1.0,0.0,0.0,0,0.0,1.0,0.0,0.0,0.0,0.0,0.0,0.0,0.0,1.0,0.0,0.0,0.0,1.0,0.0,0.0,1.0,0.0,0.0,0.0,0.0,0.0,0,0.0,0.0,1.0,0.0,0.0,15.0,32.7488,128.0,0.0,0.0,0.0,0.0,0.0,0.0,1.0,1.0,0.0,-0.24,424.385,173.76,7.0,3.0,3.0,38.75,97.17,8.0,0.0,1.0,0.0,1.0,0.0,1.0,1.0,1.0,1.0,1.0,0.0,0.0,0.0,1.0,0.0,1.0,1.0,1.0,0.0,1.0,0.0,0.0,1.0,0.0,0.0,0.0,0.0,1.0,0.0,0.0,0.0,0.0,0.0,1.0,0.0,0.0,1.0,0.0,1.0,0.0,0.0,0.0,1.0,1.0,0.0,1.0,0.0,0.0,0.0,0.0,1.0,0.0,0.0,0.0,1.0,0.0,0.0,0.0,1.0,1.0,0.0,1.0,0.0,0.0,0.0,0.0,0.0,1.0,0.0,0.0,0.0,0.0,0.0,0.0,0.0,1.0,1.0,0.0,0.0,0.0,0.0,0.0,0.0,1.0,1.0,0.0,0.0,0.0,1.0,1.0,0.0,0.0,0.0,1.0,1.0,0.0,0.0,0.0,0.0,0.0,0.0,0.0,0.0,1.0,1.0,1.0,1.0,1.0,1.0,0.0,0.0,0.0,1.0,0.0,0.0,1.0,1.0,1.0,0.0,0.0,0.0,0.0,0.0,0.0,0.0,1.0,1.0,0.0,1.0,0.0,1.0
[Cl-].[Na+],EPISTAXIS,_SODIUM_CHLORIDE,NCT02930941,Not Applicable,Recruiting,All,"18 Years and older   (Adult, Older Adult)",Other,"Allocation: Randomized|Intervention Model: Parallel Assignment|Masking: Quadruple (Participant, Care Provider, Investigator, Outcomes Assessor)|Primary Purpose: Treatment","University of California, Davis Medical Center, Sacramento, California, United States",6248726,7,1.0,0.0,0.0,0,0.0,1.0,0.0,0.0,0.0,0.0,0.0,0.0,0.0,1.0,0.0,0.0,0.0,1.0,0.0,0.0,0.0,1.0,0.0,0.0,0.0,0.0,0,1.0,0.0,0.0,0.0,0.0,4.0,104.609950923016,13.0,1.0,0.0,1.0,0.0,0.0,0.0,0.0,0.0,0.0,0.06,58.44300000000001,0.0,0.0,0.0,0.0,1.78,0.0,0.0,0.0,1.0,0.0,0.0,0.0,0.0,0.0,0.0,0.0,0.0,0.0,0.0,0.0,0.0,0.0,0.0,0.0,0.0,0.0,0.0,0.0,0.0,0.0,0.0,0.0,0.0,0.0,0.0,0.0,0.0,0.0,0.0,0.0,0.0,0.0,0.0,0.0,0.0,0.0,0.0,0.0,0.0,0.0,0.0,0.0,0.0,0.0,0.0,0.0,0.0,0.0,0.0,0.0,0.0,0.0,0.0,0.0,0.0,0.0,0.0,0.0,0.0,0.0,0.0,1.0,0.0,0.0,0.0,0.0,0.0,0.0,0.0,0.0,0.0,0.0,0.0,0.0,1.0,0.0,0.0,0.0,0.0,0.0,0.0,0.0,0.0,0.0,0.0,0.0,0.0,0.0,0.0,0.0,0.0,0.0,0.0,0.0,0.0,0.0,0.0,0.0,0.0,0.0,0.0,0.0,0.0,0.0,0.0,0.0,0.0,0.0,0.0,0.0,0.0,0.0,0.0,0.0,0.0,0.0,0.0,0.0,0.0,0.0,0.0,0.0,0.0,0.0,0.0,0.0,0.0,0.0
NC[C@H]1CC[C@H](C(=O)O)CC1,EPISTAXIS,_TRANEXAMIC_ACID,NCT02930941,Not Applicable,Recruiting,All,"18 Years and older   (Adult, Older Adult)",Other,"Allocation: Randomized|Intervention Model: Parallel Assignment|Masking: Quadruple (Participant, Care Provider, Investigator, Outcomes Assessor)|Primary Purpose: Treatment","University of California, Davis Medical Center, Sacramento, California, United States",8273795.0,1,1.0,0.0,0.0,0,0.0,1.0,0.0,0.0,0.0,0.0,0.0,0.0,0.0,1.0,0.0,0.0,0.0,1.0,0.0,0.0,0.0,1.0,0.0,0.0,0.0,0.0,0,1.0,0.0,0.0,0.0,0.0,12.0,49.4137456621285,532.0,0.0,1.0,0.0,0.0,0.0,0.0,0.0,0.0,1.0,-1.4,157.2102,63.32,3.0,2.0,1.0,17.28,41.9,2.0,0.0,1.0,0.0,0.0,0.0,1.0,0.0,0.0,1.0,0.0,1.0,0.0,0.0,1.0,0.0,0.0,0.0,0.0,0.0,0.0,0.0,0.0,1.0,0.0,0.0,0.0,1.0,0.0,0.0,0.0,0.0,0.0,1.0,1.0,0.0,0.0,0.0,0.0,0.0,0.0,0.0,0.0,1.0,0.0,0.0,0.0,0.0,0.0,1.0,0.0,0.0,0.0,0.0,0.0,0.0,0.0,0.0,0.0,0.0,0.0,0.0,0.0,0.0,0.0,0.0,0.0,0.0,0.0,0.0,0.0,0.0,0.0,0.0,1.0,0.0,0.0,0.0,0.0,0.0,0.0,0.0,1.0,0.0,1.0,0.0,0.0,0.0,0.0,1.0,0.0,0.0,0.0,0.0,0.0,0.0,0.0,0.0,0.0,0.0,0.0,0.0,1.0,0.0,0.0,0.0,0.0,0.0,0.0,0.0,1.0,0.0,0.0,0.0,0.0,0.0,0.0,0.0,0.0,0.0,0.0,0.0,0.0,0.0,0.0,0.0,0.0,1.0,0.0,1.0,0.0,1.0
CCS(=O)(=O)N1CC(CC#N)(n2cc(-c3ncnc4[nH]ccc34)cn2)C1,UVEITIS,_BARICITINIB,NCT04088409,Phase 3,Recruiting,All,2 Years to 17 Years   (Child),Industry,Allocation: Randomized|Intervention Model: Parallel Assignment|Masking: None (Open Label)|Primary Purpose: Treatment,"Hospices Civils de Lyon - Hôpital Femme Mère Enfant, Bron, France|Hôpitaux Universitaires Paris Sud - Hôpital Bicêtre, Le Kremlin Bicetre, France|Centre Hospitalier Universitaire de Nîmes - Hôpital Universitaire Carémeau, Nîmes, France|GH Necker - Enfants Malades, Paris Cedex 15, France|CHU Poitiers - Hopital Jean Bernard, Poitiers Cedex, France|Asklepios Klinik Sankt Augustin, Saint Augustin, Nordrhein-Westfalen, Germany|HELIOS Klinikum Berlin-Buch, Berlin, Germany|Charité Campus Virchow-Klinikum, Berlin, Germany|Hamburger Zentrum für Kinder und Jugendrheumatologie, Hamburg, Germany|Ospedale Pediatrico Gaslini - Istituto Giannina Gaslini, Genova, Liguria, Italy|Fondazione IRCCS Cà Granda Ospedale Maggiore Policlinico, Milano, Lombardia, Italy|Azienda Ospedaliero Universitaria Meyer, Firenze, Italy|Hospital Sant Joan de Déu, Esplugues de Llobregat, Barcelona, Spain|Hospital Infantil Universitario Niño Jesús, Madrid, Spain|Hospital Universitario La Paz, Madrid, Spain|Hospital Universitario La Fe de Valencia, Valencia, Spain|Cambridge Clinical Research Facility, Cambridge, Cambridgeshire, United Kingdom|University Hospital Southampton NHS Foundation Trust, Southampton, Hampshire, United Kingdom|Royal Victoria Infirmary, Newcastle, N'castle-upon-tyne, United Kingdom|Sheffield Children's Hospital, Sheffield, South Yorkshire, United Kingdom|Bristol Royal Hospital for Children, Bristol, United Kingdom|Alder Hey Children's Hospital, Liverpool, United Kingdom|Great Ormond Street Hospital For Children NHS Foundation Trust, London, United Kingdom",8158616,C07D487/04,1.0,0.0,0.0,0,0.0,0.0,1.0,0.0,0.0,0.0,0.0,0.0,0.0,1.0,0.0,0.0,0.0,1.0,0.0,0.0,0.0,0.0,0.0,0.0,1.0,0.0,0,0.0,1.0,0.0,0.0,0.0,3.0,37.257438551099604,12.0,0.0,1.0,0.0,0.0,0.0,0.0,1.0,0.0,0.0,1.08,371.42,120.56,6.0,1.0,4.0,36.72,105.55,4.0,0.0,1.0,0.0,1.0,0.0,1.0,0.0,0.0,0.0,0.0,0.0,1.0,0.0,1.0,0.0,0.0,1.0,0.0,0.0,0.0,0.0,1.0,1.0,1.0,0.0,1.0,0.0,0.0,1.0,0.0,1.0,0.0,0.0,1.0,0.0,0.0,1.0,1.0,1.0,1.0,0.0,1.0,1.0,0.0,0.0,0.0,1.0,1.0,0.0,0.0,0.0,0.0,0.0,0.0,1.0,0.0,0.0,0.0,0.0,0.0,0.0,0.0,0.0,0.0,0.0,0.0,0.0,0.0,1.0,0.0,1.0,1.0,0.0,0.0,1.0,0.0,1.0,0.0,0.0,0.0,1.0,0.0,0.0,1.0,1.0,0.0,1.0,1.0,0.0,1.0,1.0,0.0,0.0,1.0,0.0,0.0,0.0,1.0,1.0,0.0,1.0,1.0,0.0,1.0,1.0,0.0,0.0,1.0,1.0,0.0,0.0,0.0,0.0,0.0,0.0,0.0,0.0,0.0,0.0,0.0,0.0,0.0,0.0,0.0,0.0,1.0,1.0,0.0,0.0,0.0,1.0
O=P1(N(CCCl)CCCl)NCCCO1,RETINOBLASTOMA,_CYCLOPHOSPHAMIDE,NCT02870907,Phase 2,Recruiting,All,2 Months to 10 Years   (Child),Other,Allocation: Non-Randomized|Intervention Model: Parallel Assignment|Masking: None (Open Label)|Primary Purpose: Treatment,"Chr Felix Guyon, Saint-Denis, La Réunion, France|Hopital Nord Chu Amiens, Amiens, France|Chu Angers, Angers, France|Hopital Jean Minioz, Besancon, France|Chu R; Pellegrin, Bordeaux, France|Chu Morvan, Brest, France|CHU CAEN, Caen, France|Chu Estaing, Clermont Ferrand, France|Chu Bocage, Dijon, France|Chu de Grenoble, Grenoble, France|Centre Oscar Lambret, Lille, France|Chu Limoges, Limoges, France|Centre Leon Berard, Lyon, France|Hopital D'Enfants La Timone, Marseille, France|Hopital Arnaud de Villeneuve, Montpellier, France|Chu Nantes, Nantes, France|Chu de Nice, Nice, France|Institut Curie, Paris, France|Chu de Poitiers, Poitiers, France|Chur de Reims, Reims, France|Chu de Rennes, Rennes, France|Chu de Rouen, Rouen, France|Chu Saint Etienne, Saint Etienne, France|Hoptial Hautepierre, Strasbourg, France|Chu Toulouse, Toulouse, France|Chu Tours, Tours, France|Chu Nancy, Vandoeuvre Les Nancy, France",3987166,7,1.0,0.0,0.0,0,0.0,0.0,1.0,0.0,0.0,0.0,0.0,0.0,1.0,0.0,0.0,0.0,0.0,1.0,0.0,0.0,1.0,0.0,0.0,0.0,0.0,0.0,0,1.0,0.0,0.0,0.0,0.0,7.0,52.9292182591018,692.0,0.0,1.0,1.0,0.0,0.0,0.0,0.0,0.0,0.0,0.76,261.086,41.57,2.0,1.0,1.0,23.72,58.48,5.0,0.0,1.0,0.0,0.0,0.0,0.0,0.0,1.0,0.0,0.0,0.0,0.0,0.0,1.0,0.0,0.0,0.0,0.0,0.0,1.0,1.0,0.0,1.0,0.0,0.0,0.0,0.0,0.0,0.0,0.0,0.0,0.0,0.0,1.0,1.0,0.0,0.0,0.0,0.0,0.0,0.0,0.0,0.0,0.0,0.0,1.0,1.0,1.0,0.0,0.0,0.0,1.0,1.0,0.0,0.0,1.0,0.0,1.0,0.0,0.0,0.0,0.0,0.0,0.0,0.0,0.0,1.0,0.0,0.0,0.0,0.0,0.0,0.0,0.0,0.0,0.0,0.0,0.0,0.0,0.0,0.0,0.0,0.0,1.0,0.0,0.0,0.0,0.0,1.0,0.0,0.0,0.0,0.0,1.0,0.0,0.0,0.0,0.0,0.0,0.0,0.0,0.0,0.0,0.0,0.0,0.0,0.0,0.0,0.0,0.0,0.0,0.0,1.0,0.0,0.0,1.0,1.0,0.0,0.0,0.0,0.0,0.0,0.0,1.0,0.0,0.0,0.0,0.0,0.0,0.0,0.0
S=P(N1CC1)(N1CC1)N1CC1,RETINOBLASTOMA,_THIOTEPA,NCT02870907,Phase 2,Recruiting,All,2 Months to 10 Years   (Child),Other,Allocation: Non-Randomized|Intervention Model: Parallel Assignment|Masking: None (Open Label)|Primary Purpose: Treatment,"Chr Felix Guyon, Saint-Denis, La Réunion, France|Hopital Nord Chu Amiens, Amiens, France|Chu Angers, Angers, France|Hopital Jean Minioz, Besancon, France|Chu R; Pellegrin, Bordeaux, France|Chu Morvan, Brest, France|CHU CAEN, Caen, France|Chu Estaing, Clermont Ferrand, France|Chu Bocage, Dijon, France|Chu de Grenoble, Grenoble, France|Centre Oscar Lambret, Lille, France|Chu Limoges, Limoges, France|Centre Leon Berard, Lyon, France|Hopital D'Enfants La Timone, Marseille, France|Hopital Arnaud de Villeneuve, Montpellier, France|Chu Nantes, Nantes, France|Chu de Nice, Nice, France|Institut Curie, Paris, France|Chu de Poitiers, Poitiers, France|Chur de Reims, Reims, France|Chu de Rennes, Rennes, France|Chu de Rouen, Rouen, France|Chu Saint Etienne, Saint Etienne, France|Hoptial Hautepierre, Strasbourg, France|Chu Toulouse, Toulouse, France|Chu Tours, Tours, France|Chu Nancy, Vandoeuvre Les Nancy, France",4766149,7,1.0,0.0,0.0,0,0.0,0.0,1.0,0.0,0.0,0.0,0.0,0.0,1.0,0.0,0.0,0.0,0.0,1.0,0.0,0.0,1.0,0.0,0.0,0.0,0.0,0.0,0,1.0,0.0,0.0,0.0,0.0,10.0,27.532392862276396,109.0,0.0,1.0,1.0,0.0,0.0,0.0,0.0,0.0,0.0,0.17,189.218,9.03,3.0,0.0,3.0,18.23,50.72,3.0,0.0,1.0,0.0,0.0,0.0,0.0,0.0,0.0,0.0,0.0,0.0,0.0,0.0,0.0,0.0,0.0,0.0,0.0,1.0,0.0,0.0,0.0,0.0,0.0,0.0,0.0,0.0,0.0,0.0,0.0,0.0,0.0,0.0,1.0,0.0,0.0,0.0,0.0,0.0,0.0,0.0,0.0,1.0,0.0,0.0,0.0,0.0,0.0,0.0,0.0,0.0,0.0,0.0,0.0,0.0,0.0,0.0,1.0,0.0,1.0,0.0,0.0,0.0,0.0,0.0,1.0,0.0,1.0,1.0,0.0,0.0,0.0,0.0,0.0,0.0,1.0,0.0,0.0,0.0,0.0,0.0,0.0,0.0,0.0,0.0,0.0,0.0,0.0,0.0,0.0,0.0,0.0,0.0,0.0,0.0,0.0,0.0,0.0,0.0,0.0,1.0,0.0,0.0,0.0,0.0,0.0,0.0,1.0,0.0,0.0,0.0,0.0,0.0,0.0,0.0,0.0,0.0,0.0,0.0,0.0,0.0,0.0,0.0,0.0,0.0,0.0,0.0,0.0,0.0,0.0,0.0
COc1cccc2c1C(=O)c1c(O)c3c(c(O)c1C2=O)C[C@@](O)(C(=O)CO)C[C@@H]3O[C@H]1C[C@H](N)[C@H](O)[C@H](C)O1,RETINOBLASTOMA,_DOXORUBICIN,NCT01783535,Phase 2,Recruiting,All,"Child, Adult, Older Adult",Other,Allocation: Non-Randomized|Intervention Model: Parallel Assignment|Masking: None (Open Label)|Primary Purpose: Treatment,"St. Jude Children's Research Hospital, Memphis, Tennessee, United States",5013556,C07F9/5537,1.0,0.0,0.0,0,0.0,0.0,0.0,0.0,0.0,1.0,0.0,0.0,1.0,0.0,0.0,0.0,0.0,1.0,0.0,0.0,0.0,1.0,0.0,0.0,0.0,0.0,0,1.0,0.0,0.0,0.0,0.0,33.0,18.5301546232982,5989.0,0.0,1.0,0.0,0.0,0.0,0.0,1.0,0.0,0.0,1.41,543.5193,206.07,12.0,6.0,5.0,53.87,134.59,5.0,1.0,0.0,0.0,1.0,1.0,1.0,0.0,0.0,0.0,0.0,0.0,0.0,0.0,1.0,1.0,1.0,0.0,0.0,1.0,1.0,0.0,0.0,1.0,0.0,0.0,0.0,1.0,0.0,0.0,0.0,0.0,0.0,1.0,1.0,0.0,0.0,1.0,1.0,0.0,1.0,0.0,1.0,1.0,1.0,0.0,1.0,0.0,1.0,0.0,1.0,1.0,1.0,0.0,1.0,0.0,1.0,0.0,0.0,1.0,0.0,1.0,1.0,0.0,0.0,1.0,0.0,0.0,1.0,0.0,1.0,0.0,1.0,0.0,1.0,0.0,0.0,1.0,1.0,1.0,1.0,1.0,0.0,1.0,1.0,1.0,1.0,1.0,0.0,0.0,1.0,0.0,1.0,0.0,0.0,0.0,1.0,0.0,1.0,0.0,1.0,0.0,1.0,0.0,1.0,1.0,0.0,0.0,0.0,1.0,0.0,0.0,0.0,0.0,0.0,1.0,1.0,0.0,0.0,0.0,1.0,0.0,0.0,0.0,0.0,1.0,0.0,1.0,0.0,1.0,0.0,0.0
O=S(=O)(O)CCS,RETINOBLASTOMA,_MESNA,NCT01783535,Phase 2,Recruiting,All,"Child, Adult, Older Adult",Other,Allocation: Non-Randomized|Intervention Model: Parallel Assignment|Masking: None (Open Label)|Primary Purpose: Treatment,"St. Jude Children's Research Hospital, Memphis, Tennessee, United States",,,1.0,0.0,0.0,0,0.0,0.0,0.0,0.0,0.0,1.0,0.0,0.0,1.0,0.0,0.0,0.0,0.0,1.0,0.0,0.0,0.0,1.0,0.0,0.0,0.0,0.0,0,1.0,0.0,0.0,0.0,0.0,15.0,32.7488,128.0,0.0,0.0,0.0,0.0,0.0,0.0,1.0,1.0,0.0,-1.5,142.197,54.37,3.0,2.0,0.0,12.54,29.13,2.0,0.0,1.0,0.0,0.0,0.0,0.0,0.0,1.0,0.0,0.0,0.0,1.0,0.0,1.0,0.0,1.0,0.0,0.0,0.0,0.0,0.0,0.0,0.0,0.0,0.0,0.0,0.0,0.0,0.0,0.0,0.0,0.0,0.0,0.0,0.0,0.0,0.0,0.0,0.0,0.0,0.0,0.0,1.0,0.0,0.0,0.0,0.0,0.0,0.0,0.0,0.0,0.0,0.0,0.0,1.0,0.0,0.0,0.0,0.0,0.0,0.0,0.0,0.0,0.0,0.0,0.0,0.0,0.0,0.0,0.0,0.0,1.0,0.0,0.0,0.0,0.0,1.0,0.0,0.0,0.0,0.0,0.0,0.0,1.0,0.0,0.0,0.0,0.0,0.0,0.0,0.0,0.0,0.0,0.0,0.0,0.0,0.0,1.0,0.0,0.0,1.0,0.0,0.0,0.0,1.0,0.0,0.0,0.0,0.0,0.0,0.0,0.0,0.0,0.0,0.0,0.0,0.0,0.0,0.0,0.0,0.0,0.0,0.0,1.0,0.0,0.0,0.0,0.0,0.0,0.0,0.0
CC[C@@]1(O)C(=O)OCc2c1cc1n(c2=O)Cc2cc3c(CN(C)C)c(O)ccc3nc2-1,RETINOBLASTOMA,_TOPOTECAN,NCT01783535,Phase 2,Recruiting,All,"Child, Adult, Older Adult",Other,Allocation: Non-Randomized|Intervention Model: Parallel Assignment|Masking: None (Open Label)|Primary Purpose: Treatment,"St. Jude Children's Research Hospital, Memphis, Tennessee, United States",5004758,C07D491/22,1.0,0.0,0.0,0,0.0,0.0,0.0,0.0,0.0,1.0,0.0,0.0,1.0,0.0,0.0,0.0,0.0,1.0,0.0,0.0,0.0,1.0,0.0,0.0,0.0,0.0,0,1.0,0.0,0.0,0.0,0.0,35.0,28.9451528778825,1800.0,0.0,1.0,0.0,0.0,0.0,0.0,1.0,0.0,0.0,1.84,421.4458,103.2,6.0,2.0,5.0,44.86,115.02,3.0,0.0,1.0,0.0,0.0,0.0,1.0,0.0,0.0,1.0,1.0,0.0,1.0,0.0,1.0,1.0,1.0,0.0,0.0,0.0,1.0,1.0,1.0,0.0,1.0,0.0,0.0,0.0,0.0,0.0,1.0,0.0,1.0,1.0,1.0,0.0,0.0,1.0,0.0,0.0,1.0,0.0,1.0,1.0,0.0,0.0,0.0,0.0,0.0,0.0,0.0,0.0,0.0,0.0,0.0,0.0,1.0,0.0,0.0,0.0,0.0,1.0,1.0,0.0,1.0,0.0,0.0,1.0,0.0,1.0,1.0,1.0,0.0,0.0,0.0,1.0,0.0,1.0,0.0,0.0,0.0,1.0,0.0,0.0,1.0,1.0,0.0,0.0,1.0,0.0,1.0,0.0,1.0,0.0,0.0,0.0,0.0,1.0,0.0,0.0,0.0,1.0,0.0,0.0,1.0,0.0,0.0,0.0,0.0,1.0,0.0,1.0,0.0,0.0,0.0,1.0,0.0,1.0,1.0,1.0,0.0,0.0,0.0,1.0,1.0,0.0,1.0,1.0,0.0,0.0,0.0,0.0
CC1=C[C@H](O)CC(C)(C)[C@H]1/C=C/C(C)=C/C=C/C(C)=C/C=C/C=C(C)/C=C/C=C(C)/C=C/C1=C(C)C[C@@H](O)CC1(C)C,GLAUCOMA,_LUTEIN,NCT03959592,Phase 1|Phase 2,Recruiting,All,"18 Years to 75 Years   (Adult, Older Adult)",Other|Industry,"Allocation: Randomized|Intervention Model: Parallel Assignment|Masking: Double (Participant, Investigator)|Primary Purpose: Other","Duke University Eye Center, Durham, North Carolina, United States",3932546.0,C07C11/21,1.0,0.0,0.0,0,0.0,1.0,0.0,0.0,0.0,0.0,0.0,0.0,0.0,1.0,0.0,0.0,0.0,1.0,0.0,0.0,0.0,1.0,0.0,0.0,0.0,0.0,0,0.0,0.0,1.0,0.0,0.0,17.0,23.1298383950389,1374.0,0.0,1.0,0.0,0.0,0.0,0.0,1.0,0.0,0.0,8.29,568.886,40.46,2.0,2.0,2.0,73.81,195.06,10.0,1.0,0.0,0.0,1.0,1.0,0.0,1.0,1.0,0.0,1.0,0.0,1.0,0.0,0.0,1.0,0.0,0.0,0.0,0.0,0.0,0.0,0.0,1.0,0.0,0.0,1.0,0.0,0.0,0.0,0.0,0.0,0.0,0.0,1.0,1.0,0.0,1.0,0.0,1.0,1.0,1.0,0.0,1.0,1.0,0.0,0.0,1.0,1.0,1.0,0.0,0.0,1.0,0.0,0.0,0.0,0.0,0.0,1.0,1.0,0.0,1.0,1.0,0.0,0.0,0.0,0.0,0.0,0.0,0.0,0.0,1.0,0.0,0.0,0.0,1.0,0.0,0.0,0.0,0.0,1.0,0.0,1.0,1.0,1.0,1.0,1.0,0.0,1.0,0.0,1.0,0.0,0.0,0.0,1.0,0.0,0.0,0.0,0.0,0.0,0.0,0.0,0.0,0.0,1.0,0.0,1.0,1.0,0.0,1.0,1.0,1.0,0.0,0.0,0.0,0.0,0.0,0.0,0.0,0.0,0.0,0.0,0.0,0.0,0.0,1.0,1.0,1.0,0.0,0.0,0.0,1.0
O=c1[nH]cc(F)c(=O)[nH]1,HEAD AND NECK SQUAMOUS CELL CARCINOMA,_FLUOROURACIL,NCT03340896,Phase 3,Recruiting,All,"18 Years to 75 Years   (Adult, Older Adult)",Other,Allocation: Randomized|Intervention Model: Parallel Assignment|Masking: None (Open Label)|Primary Purpose: Treatment,"Hôpital Bretonneau, Service CORad Pôle Henry S Kaplan, Tours, France",6670335,A61K8/06,1.0,0.0,0.0,0,0.0,1.0,0.0,0.0,0.0,0.0,0.0,0.0,0.0,1.0,0.0,0.0,0.0,1.0,0.0,0.0,1.0,0.0,0.0,0.0,0.0,0.0,0,1.0,0.0,0.0,0.0,0.0,20.0,33.8405306063779,2.0,1.0,0.0,0.0,0.0,0.0,0.0,1.0,0.0,0.0,-0.58,130.0772,58.2,2.0,2.0,1.0,9.46,26.17,0.0,0.0,1.0,0.0,0.0,0.0,0.0,0.0,0.0,0.0,0.0,0.0,1.0,0.0,1.0,0.0,0.0,0.0,0.0,0.0,0.0,0.0,0.0,0.0,0.0,0.0,0.0,1.0,0.0,0.0,0.0,0.0,0.0,0.0,0.0,0.0,0.0,0.0,0.0,0.0,0.0,0.0,1.0,0.0,0.0,0.0,0.0,0.0,0.0,0.0,0.0,0.0,1.0,0.0,0.0,0.0,0.0,0.0,0.0,0.0,0.0,1.0,1.0,1.0,0.0,0.0,0.0,0.0,0.0,0.0,0.0,0.0,0.0,0.0,0.0,0.0,0.0,0.0,0.0,0.0,0.0,0.0,0.0,0.0,0.0,1.0,0.0,0.0,1.0,0.0,0.0,1.0,0.0,0.0,1.0,0.0,0.0,1.0,0.0,0.0,0.0,0.0,0.0,0.0,1.0,0.0,0.0,0.0,0.0,0.0,0.0,0.0,0.0,0.0,1.0,0.0,1.0,0.0,0.0,1.0,0.0,0.0,0.0,0.0,0.0,0.0,0.0,0.0,0.0,0.0,0.0,0.0
C[C@@](Cc1ccc(O)c(O)c1)(NN)C(=O)O,AGE-RELATED MACULAR DEGENERATION,_CARBIDOPA,NCT03023059,Phase 2,Recruiting,All,"50 Years to 85 Years   (Adult, Older Adult)",Other,Allocation: N/A|Intervention Model: Single Group Assignment|Masking: None (Open Label)|Primary Purpose: Treatment,"Robert W Snyder, MD, PhD, PC, Tucson, Arizona, United States",6500867.0,1,1.0,0.0,0.0,0,0.0,1.0,0.0,0.0,0.0,0.0,0.0,1.0,0.0,0.0,0.0,0.0,0.0,0.0,0.0,1.0,0.0,1.0,0.0,0.0,0.0,0.0,0,1.0,0.0,0.0,0.0,0.0,25.0,30.0622189367338,800.0,0.0,1.0,0.0,0.0,0.0,0.0,0.0,0.0,1.0,-0.16,226.2292,115.81,6.0,5.0,1.0,21.81,68.77,4.0,0.0,1.0,0.0,1.0,0.0,0.0,0.0,0.0,1.0,0.0,0.0,1.0,0.0,1.0,0.0,0.0,0.0,0.0,0.0,0.0,0.0,0.0,1.0,0.0,0.0,0.0,0.0,0.0,0.0,1.0,0.0,0.0,0.0,0.0,0.0,0.0,1.0,0.0,0.0,0.0,1.0,0.0,1.0,0.0,0.0,1.0,0.0,0.0,0.0,0.0,0.0,0.0,0.0,0.0,0.0,0.0,0.0,1.0,0.0,0.0,1.0,0.0,1.0,0.0,0.0,1.0,0.0,0.0,1.0,1.0,1.0,0.0,0.0,0.0,1.0,0.0,0.0,0.0,0.0,1.0,1.0,0.0,0.0,1.0,1.0,0.0,0.0,0.0,1.0,1.0,0.0,0.0,0.0,1.0,0.0,0.0,0.0,0.0,0.0,0.0,0.0,0.0,0.0,1.0,0.0,0.0,0.0,0.0,0.0,0.0,1.0,0.0,0.0,0.0,0.0,0.0,1.0,1.0,0.0,0.0,0.0,0.0,0.0,1.0,0.0,0.0,0.0,0.0,1.0,0.0,0.0
CCCc1nn(C)c2c(=O)[nH]c(-c3cc(S(=O)(=O)N4CCN(C)CC4)ccc3OCC)nc12,GLAUCOMA,_SILDENAFIL,NCT04052269,Phase 3,Recruiting,Male,"40 Years to 80 Years   (Adult, Older Adult)",Other,Allocation: Non-Randomized|Intervention Model: Parallel Assignment|Masking: None (Open Label)|Primary Purpose: Treatment,"Western Eye Hospital, London, United Kingdom",5250534.0,C07D487/04,0.0,0.0,1.0,0,0.0,1.0,0.0,0.0,0.0,0.0,0.0,0.0,1.0,0.0,0.0,0.0,0.0,1.0,0.0,0.0,0.0,0.0,0.0,0.0,1.0,0.0,0,1.0,0.0,0.0,0.0,0.0,8.0,16.7231359986858,278.0,0.0,1.0,0.0,0.0,0.0,0.0,1.0,0.0,0.0,1.8,474.57599999999996,109.13,8.0,1.0,4.0,51.18,139.44,6.0,0.0,1.0,0.0,0.0,0.0,0.0,0.0,0.0,0.0,0.0,0.0,0.0,0.0,1.0,0.0,1.0,1.0,1.0,0.0,0.0,0.0,0.0,0.0,0.0,0.0,0.0,0.0,0.0,0.0,1.0,0.0,0.0,0.0,1.0,0.0,1.0,1.0,0.0,0.0,1.0,0.0,1.0,1.0,0.0,1.0,0.0,0.0,1.0,0.0,0.0,0.0,0.0,0.0,1.0,0.0,1.0,0.0,0.0,1.0,0.0,0.0,1.0,0.0,1.0,0.0,1.0,1.0,0.0,1.0,0.0,0.0,1.0,0.0,0.0,0.0,1.0,1.0,0.0,1.0,0.0,1.0,0.0,1.0,1.0,1.0,0.0,0.0,1.0,1.0,1.0,0.0,0.0,0.0,1.0,1.0,0.0,0.0,1.0,0.0,1.0,0.0,0.0,0.0,1.0,1.0,0.0,0.0,0.0,1.0,0.0,1.0,0.0,1.0,1.0,0.0,0.0,0.0,0.0,0.0,0.0,1.0,0.0,0.0,0.0,1.0,1.0,0.0,0.0,0.0,0.0,0.0
C[C@]12C[C@H](O)[C@@]3(F)[C@@H](CCC4=CC(=O)C=C[C@@]43C)[C@@H]1C[C@@H](O)[C@]2(O)C(=O)CO,CHALAZION,_TRIAMCINOLONE,NCT02025023,Phase 3,Recruiting,All,"18 Years and older   (Adult, Older Adult)",Other,Allocation: Randomized|Intervention Model: Single Group Assignment|Masking: None (Open Label)|Primary Purpose: Treatment,"University of Washington Eye Institute at Harborview, Seattle, Washington, United States",5976573,5,1.0,0.0,0.0,0,0.0,1.0,0.0,0.0,0.0,0.0,0.0,0.0,0.0,1.0,0.0,0.0,0.0,0.0,0.0,1.0,0.0,1.0,0.0,0.0,0.0,0.0,0,1.0,0.0,0.0,0.0,0.0,35.0,39.9843939300601,1433.0,0.0,1.0,0.0,0.0,1.0,0.0,0.0,0.0,0.0,0.84,394.4339,115.06,6.0,4.0,4.0,39.79,99.38,2.0,0.0,1.0,0.0,1.0,0.0,1.0,0.0,0.0,0.0,0.0,1.0,1.0,0.0,1.0,0.0,1.0,1.0,0.0,0.0,0.0,0.0,1.0,1.0,1.0,0.0,0.0,0.0,0.0,1.0,0.0,0.0,1.0,0.0,1.0,0.0,0.0,1.0,0.0,1.0,1.0,0.0,0.0,1.0,1.0,0.0,1.0,0.0,0.0,1.0,0.0,0.0,0.0,0.0,0.0,0.0,0.0,0.0,1.0,1.0,0.0,0.0,1.0,0.0,0.0,1.0,0.0,0.0,0.0,0.0,0.0,0.0,0.0,0.0,0.0,1.0,0.0,0.0,1.0,0.0,1.0,1.0,0.0,0.0,1.0,1.0,0.0,0.0,1.0,0.0,0.0,0.0,1.0,0.0,0.0,0.0,0.0,0.0,1.0,0.0,0.0,0.0,0.0,0.0,1.0,1.0,0.0,0.0,1.0,1.0,0.0,0.0,1.0,0.0,1.0,0.0,0.0,0.0,0.0,0.0,0.0,0.0,0.0,0.0,1.0,0.0,1.0,1.0,1.0,1.0,0.0,1.0
CC1(C)O[C@@H]2C[C@H]3[C@@H]4CCC5=CC(=O)C=C[C@]5(C)[C@@]4(F)[C@@H](O)C[C@]3(C)[C@]2(C(=O)CO)O1,CHALAZION,_TRIAMCINOLONE_ACETONIDE,NCT02025023,Phase 3,Recruiting,All,"18 Years and older   (Adult, Older Adult)",Other,Allocation: Randomized|Intervention Model: Single Group Assignment|Masking: None (Open Label)|Primary Purpose: Treatment,"University of Washington Eye Institute at Harborview, Seattle, Washington, United States",3962430,A61L2/0023,1.0,0.0,0.0,0,0.0,1.0,0.0,0.0,0.0,0.0,0.0,0.0,0.0,1.0,0.0,0.0,0.0,0.0,0.0,1.0,0.0,1.0,0.0,0.0,0.0,0.0,0,1.0,0.0,0.0,0.0,0.0,6.0,10.842111747674403,919.0,0.0,1.0,0.0,0.0,0.0,0.0,1.0,0.0,0.0,2.1233,442.0703,112.1969,5.0,2.0,3.0,44.7137,115.5493,5.0,0.0,0.0,1.0,1.0,0.0,0.0,0.0,0.0,0.0,0.0,1.0,1.0,1.0,1.0,0.0,1.0,0.0,1.0,0.0,1.0,1.0,1.0,1.0,1.0,0.0,0.0,0.0,0.0,0.0,0.0,0.0,1.0,0.0,1.0,0.0,0.0,1.0,1.0,1.0,1.0,0.0,0.0,1.0,1.0,0.0,1.0,0.0,0.0,1.0,1.0,0.0,0.0,0.0,0.0,0.0,0.0,0.0,1.0,1.0,0.0,0.0,1.0,0.0,0.0,1.0,0.0,1.0,1.0,0.0,1.0,0.0,0.0,0.0,0.0,1.0,0.0,0.0,1.0,0.0,1.0,1.0,0.0,0.0,1.0,1.0,0.0,0.0,1.0,0.0,0.0,0.0,1.0,0.0,0.0,0.0,0.0,0.0,1.0,1.0,1.0,0.0,0.0,0.0,1.0,1.0,0.0,0.0,0.0,1.0,0.0,0.0,1.0,0.0,1.0,0.0,0.0,0.0,0.0,0.0,0.0,0.0,0.0,0.0,1.0,0.0,1.0,1.0,0.0,1.0,0.0,1.0
C[C@]12C[C@H](O)[C@@]3(F)[C@@H](CCC4=CC(=O)C=C[C@@]43C)[C@@H]1C[C@@H](O)[C@]2(O)C(=O)CO,AGE-RELATED MACULAR DEGENERATION,_TRIAMCINOLONE,NCT04292756,Not Applicable,Recruiting,All,"50 Years to 90 Years   (Adult, Older Adult)",Other,Allocation: Randomized|Intervention Model: Parallel Assignment|Masking: None (Open Label)|Primary Purpose: Treatment,"Odessa National Medical University, Odessa, Please Select, Ukraine|CPUkraine, Kyiv, Ukraine|Mykolaiv Region Ophthalmogical Hospital, Mykolaiv, Ukraine|The Filatov Institute of Eye Diseases and Tissue Therapy, Odessa, Ukraine",5976573,5,1.0,0.0,0.0,0,0.0,1.0,0.0,0.0,0.0,0.0,0.0,0.0,0.0,1.0,0.0,0.0,0.0,1.0,0.0,0.0,1.0,0.0,0.0,0.0,0.0,0.0,0,1.0,0.0,0.0,0.0,0.0,35.0,39.9843939300601,1433.0,0.0,1.0,0.0,0.0,1.0,0.0,0.0,0.0,0.0,0.84,394.4339,115.06,6.0,4.0,4.0,39.79,99.38,2.0,0.0,1.0,0.0,1.0,0.0,1.0,0.0,0.0,0.0,0.0,1.0,1.0,0.0,1.0,0.0,1.0,1.0,0.0,0.0,0.0,0.0,1.0,1.0,1.0,0.0,0.0,0.0,0.0,1.0,0.0,0.0,1.0,0.0,1.0,0.0,0.0,1.0,0.0,1.0,1.0,0.0,0.0,1.0,1.0,0.0,1.0,0.0,0.0,1.0,0.0,0.0,0.0,0.0,0.0,0.0,0.0,0.0,1.0,1.0,0.0,0.0,1.0,0.0,0.0,1.0,0.0,0.0,0.0,0.0,0.0,0.0,0.0,0.0,0.0,1.0,0.0,0.0,1.0,0.0,1.0,1.0,0.0,0.0,1.0,1.0,0.0,0.0,1.0,0.0,0.0,0.0,1.0,0.0,0.0,0.0,0.0,0.0,1.0,0.0,0.0,0.0,0.0,0.0,1.0,1.0,0.0,0.0,1.0,1.0,0.0,0.0,1.0,0.0,1.0,0.0,0.0,0.0,0.0,0.0,0.0,0.0,0.0,0.0,1.0,0.0,1.0,1.0,1.0,1.0,0.0,1.0
CC1(C)O[C@@H]2C[C@H]3[C@@H]4CCC5=CC(=O)C=C[C@]5(C)[C@@]4(F)[C@@H](O)C[C@]3(C)[C@]2(C(=O)CO)O1,AGE-RELATED MACULAR DEGENERATION,_TRIAMCINOLONE_ACETONIDE,NCT04292756,Not Applicable,Recruiting,All,"50 Years to 90 Years   (Adult, Older Adult)",Other,Allocation: Randomized|Intervention Model: Parallel Assignment|Masking: None (Open Label)|Primary Purpose: Treatment,"Odessa National Medical University, Odessa, Please Select, Ukraine|CPUkraine, Kyiv, Ukraine|Mykolaiv Region Ophthalmogical Hospital, Mykolaiv, Ukraine|The Filatov Institute of Eye Diseases and Tissue Therapy, Odessa, Ukraine",3962430,A61L2/0023,1.0,0.0,0.0,0,0.0,1.0,0.0,0.0,0.0,0.0,0.0,0.0,0.0,1.0,0.0,0.0,0.0,1.0,0.0,0.0,1.0,0.0,0.0,0.0,0.0,0.0,0,1.0,0.0,0.0,0.0,0.0,6.0,10.842111747674403,919.0,0.0,1.0,0.0,0.0,0.0,0.0,1.0,0.0,0.0,2.1233,442.0703,112.1969,5.0,2.0,3.0,44.7137,115.5493,5.0,0.0,0.0,1.0,1.0,0.0,0.0,0.0,0.0,0.0,0.0,1.0,1.0,1.0,1.0,0.0,1.0,0.0,1.0,0.0,1.0,1.0,1.0,1.0,1.0,0.0,0.0,0.0,0.0,0.0,0.0,0.0,1.0,0.0,1.0,0.0,0.0,1.0,1.0,1.0,1.0,0.0,0.0,1.0,1.0,0.0,1.0,0.0,0.0,1.0,1.0,0.0,0.0,0.0,0.0,0.0,0.0,0.0,1.0,1.0,0.0,0.0,1.0,0.0,0.0,1.0,0.0,1.0,1.0,0.0,1.0,0.0,0.0,0.0,0.0,1.0,0.0,0.0,1.0,0.0,1.0,1.0,0.0,0.0,1.0,1.0,0.0,0.0,1.0,0.0,0.0,0.0,1.0,0.0,0.0,0.0,0.0,0.0,1.0,1.0,1.0,0.0,0.0,0.0,1.0,1.0,0.0,0.0,0.0,1.0,0.0,0.0,1.0,0.0,1.0,0.0,0.0,0.0,0.0,0.0,0.0,0.0,0.0,0.0,1.0,0.0,1.0,1.0,0.0,1.0,0.0,1.0
CN(Cc1cnc2nc(N)nc(N)c2n1)c1ccc(C(=O)N[C@@H](CCC(=O)O)C(=O)O)cc1,UVEITIS|MACULAR EDEMA,_METHOTREXATE,NCT02623426,Phase 3,Recruiting,All,"18 Years and older   (Adult, Older Adult)",Other|NIH,Allocation: Randomized|Intervention Model: Parallel Assignment|Masking: Single (Outcomes Assessor)|Primary Purpose: Treatment,"Jules Stein Eye Institute, UCLA, Los Angeles, California, United States|University of California, San Francisco, San Francisco, California, United States|Anne Bates Leach Eye Hospital, University of Miami Miller School of Medicine, Miami, Florida, United States|Emory University, Atlanta, Georgia, United States|Northwestern University, Chicago, Illinois, United States|Rush University Medical Center, Chicago, Illinois, United States|University of Iowa, Iowa City, Iowa, United States|University of Louisville, Louisville, Kentucky, United States|Johns Hopkins University, Baltimore, Maryland, United States|Massachusetts Eye and Ear Infirmary, Boston, Massachusetts, United States|Ophthalmic Consultants of Boston, Boston, Massachusetts, United States|Kellogg Eye Center, University of Michigan, Ann Arbor, Michigan, United States|Duke Eye Center, Duke University, Durham, North Carolina, United States|Scheie Eye Institute, University of Pennsylvania, Philadelphia, Pennsylvania, United States|MidAtlanitc Retina, Wills Eye Hospital, Philadelphia, Pennsylvania, United States|University of Pittsburgh Medical Center, Pittsburgh, Pennsylvania, United States|Vanderbilt, Nashville, Tennessee, United States|Retinal Consultants of Houston, Houston, Texas, United States|John A. Moran Eye Center, University of Utah, Salt Lake City, Utah, United States|Royal Victorian Eye and Ear Hospital, East Melbourne, Victoria, Australia|McGill University, Montreal, Quebec, Canada|LV Prasad Eye Institute - Bhubaneswar, Bhubaneswar, Odisha, India|Medical and Vision Research Foundation, Chennai, Tamil Nadu, India|LV Prasad Eye Institute - Hyderabad, Hyderabad, Telangana, India|Advanced Eye Center, Post Graduate Institute of Medical Education and Research, Chandigarh, India|University Hospitals Bristol NHS Foundation Trust, Bristol, England, United Kingdom|Cambridge University Hospitals NHS Foundation Trust, Cambridge, England, United Kingdom|University Hospitals of Leicester NHS Trust, Leicester, England, United Kingdom|Liverpool University Hospitals NHS Foundation Trust, Liverpool, England, United Kingdom|Moorfields Eye Hospital NHS Foundation Trust, London, England, United Kingdom|Manchester University NHS Foundation Trust, Manchester, England, United Kingdom|University Hospitals Birmingham NHS Foundation Trust, Birmingham, United Kingdom|Moorfields Eye Hospital, London, United Kingdom",6746429,A61M5/2425,1.0,0.0,0.0,0,0.0,1.0,0.0,0.0,0.0,0.0,0.0,0.0,0.0,1.0,0.0,0.0,0.0,1.0,0.0,0.0,0.0,0.0,0.0,0.0,1.0,0.0,0,0.0,0.0,0.0,1.0,0.0,15.0,39.9186841618924,2117.0,0.0,1.0,0.0,0.0,0.0,0.0,1.0,0.0,0.0,-0.91,454.4393,210.54,12.0,5.0,3.0,44.54,119.21,9.0,1.0,0.0,0.0,1.0,1.0,0.0,0.0,0.0,1.0,0.0,1.0,0.0,0.0,1.0,1.0,0.0,0.0,0.0,0.0,0.0,0.0,0.0,1.0,0.0,1.0,0.0,1.0,0.0,1.0,0.0,1.0,1.0,0.0,0.0,0.0,0.0,1.0,0.0,0.0,0.0,1.0,0.0,1.0,0.0,0.0,1.0,0.0,1.0,0.0,0.0,0.0,0.0,1.0,0.0,1.0,1.0,0.0,0.0,0.0,0.0,0.0,0.0,1.0,1.0,0.0,0.0,1.0,1.0,1.0,0.0,0.0,0.0,0.0,0.0,0.0,1.0,1.0,0.0,0.0,0.0,1.0,1.0,0.0,1.0,1.0,0.0,0.0,1.0,0.0,1.0,1.0,1.0,0.0,0.0,0.0,0.0,0.0,0.0,0.0,1.0,1.0,0.0,1.0,1.0,1.0,1.0,0.0,0.0,1.0,0.0,0.0,0.0,0.0,0.0,0.0,0.0,1.0,0.0,1.0,0.0,1.0,0.0,0.0,0.0,1.0,1.0,1.0,0.0,1.0,0.0,1.0
C[C@@H]1C[C@H]2[C@@H]3CCC4=CC(=O)C=C[C@]4(C)[C@@]3(F)[C@@H](O)C[C@]2(C)[C@@]1(O)C(=O)CO,UVEITIS|MACULAR EDEMA,_DEXAMETHASONE,NCT02623426,Phase 3,Recruiting,All,"18 Years and older   (Adult, Older Adult)",Other|NIH,Allocation: Randomized|Intervention Model: Parallel Assignment|Masking: Single (Outcomes Assessor)|Primary Purpose: Treatment,"Jules Stein Eye Institute, UCLA, Los Angeles, California, United States|University of California, San Francisco, San Francisco, California, United States|Anne Bates Leach Eye Hospital, University of Miami Miller School of Medicine, Miami, Florida, United States|Emory University, Atlanta, Georgia, United States|Northwestern University, Chicago, Illinois, United States|Rush University Medical Center, Chicago, Illinois, United States|University of Iowa, Iowa City, Iowa, United States|University of Louisville, Louisville, Kentucky, United States|Johns Hopkins University, Baltimore, Maryland, United States|Massachusetts Eye and Ear Infirmary, Boston, Massachusetts, United States|Ophthalmic Consultants of Boston, Boston, Massachusetts, United States|Kellogg Eye Center, University of Michigan, Ann Arbor, Michigan, United States|Duke Eye Center, Duke University, Durham, North Carolina, United States|Scheie Eye Institute, University of Pennsylvania, Philadelphia, Pennsylvania, United States|MidAtlanitc Retina, Wills Eye Hospital, Philadelphia, Pennsylvania, United States|University of Pittsburgh Medical Center, Pittsburgh, Pennsylvania, United States|Vanderbilt, Nashville, Tennessee, United States|Retinal Consultants of Houston, Houston, Texas, United States|John A. Moran Eye Center, University of Utah, Salt Lake City, Utah, United States|Royal Victorian Eye and Ear Hospital, East Melbourne, Victoria, Australia|McGill University, Montreal, Quebec, Canada|LV Prasad Eye Institute - Bhubaneswar, Bhubaneswar, Odisha, India|Medical and Vision Research Foundation, Chennai, Tamil Nadu, India|LV Prasad Eye Institute - Hyderabad, Hyderabad, Telangana, India|Advanced Eye Center, Post Graduate Institute of Medical Education and Research, Chandigarh, India|University Hospitals Bristol NHS Foundation Trust, Bristol, England, United Kingdom|Cambridge University Hospitals NHS Foundation Trust, Cambridge, England, United Kingdom|University Hospitals of Leicester NHS Trust, Leicester, England, United Kingdom|Liverpool University Hospitals NHS Foundation Trust, Liverpool, England, United Kingdom|Moorfields Eye Hospital NHS Foundation Trust, London, England, United Kingdom|Manchester University NHS Foundation Trust, Manchester, England, United Kingdom|University Hospitals Birmingham NHS Foundation Trust, Birmingham, United Kingdom|Moorfields Eye Hospital, London, United Kingdom",6284804,4,1.0,0.0,0.0,0,0.0,1.0,0.0,0.0,0.0,0.0,0.0,0.0,0.0,1.0,0.0,0.0,0.0,1.0,0.0,0.0,0.0,0.0,0.0,0.0,1.0,0.0,0,0.0,0.0,0.0,1.0,0.0,1.0,12.813404792706196,2045.0,0.0,1.0,0.0,1.0,0.0,0.0,0.0,0.0,0.0,1.93,392.4611,94.83,5.0,3.0,4.0,40.71,102.49,2.0,0.0,1.0,0.0,1.0,0.0,1.0,0.0,0.0,0.0,0.0,1.0,1.0,0.0,1.0,0.0,1.0,1.0,0.0,0.0,0.0,0.0,1.0,1.0,1.0,0.0,0.0,0.0,0.0,0.0,0.0,0.0,1.0,1.0,1.0,0.0,0.0,1.0,0.0,1.0,1.0,0.0,0.0,1.0,1.0,0.0,1.0,0.0,0.0,1.0,0.0,0.0,0.0,0.0,0.0,0.0,0.0,0.0,1.0,1.0,0.0,0.0,1.0,0.0,0.0,1.0,0.0,0.0,0.0,0.0,0.0,0.0,0.0,0.0,0.0,1.0,0.0,1.0,1.0,0.0,1.0,1.0,0.0,0.0,1.0,1.0,0.0,0.0,1.0,0.0,0.0,0.0,1.0,0.0,0.0,0.0,0.0,0.0,1.0,0.0,0.0,0.0,0.0,0.0,1.0,1.0,0.0,0.0,0.0,1.0,1.0,0.0,1.0,0.0,1.0,0.0,0.0,0.0,0.0,0.0,0.0,1.0,0.0,0.0,1.0,0.0,1.0,1.0,1.0,1.0,0.0,1.0
CN(Cc1cnc2nc(N)nc(N)c2n1)c1ccc(C(=O)N[C@@H](CCC(=O)O)C(=O)O)cc1,PROLIFERATIVE VITREORETINOPATHY,_METHOTREXATE,NCT04482543,Phase 2|Phase 3,Recruiting,All,"18 Years and older   (Adult, Older Adult)",Other,"Allocation: Randomized|Intervention Model: Parallel Assignment|Masking: Double (Care Provider, Outcomes Assessor)|Primary Purpose: Treatment","Ophthalmic Research Center, Tehran, Iran, Islamic Republic of",6746429,A61M5/2425,1.0,0.0,0.0,0,0.0,1.0,0.0,0.0,0.0,0.0,0.0,0.0,0.0,1.0,0.0,0.0,0.0,1.0,0.0,0.0,1.0,0.0,0.0,0.0,0.0,0.0,0,1.0,0.0,0.0,0.0,0.0,15.0,39.9186841618924,2117.0,0.0,1.0,0.0,0.0,0.0,0.0,1.0,0.0,0.0,-0.91,454.4393,210.54,12.0,5.0,3.0,44.54,119.21,9.0,1.0,0.0,0.0,1.0,1.0,0.0,0.0,0.0,1.0,0.0,1.0,0.0,0.0,1.0,1.0,0.0,0.0,0.0,0.0,0.0,0.0,0.0,1.0,0.0,1.0,0.0,1.0,0.0,1.0,0.0,1.0,1.0,0.0,0.0,0.0,0.0,1.0,0.0,0.0,0.0,1.0,0.0,1.0,0.0,0.0,1.0,0.0,1.0,0.0,0.0,0.0,0.0,1.0,0.0,1.0,1.0,0.0,0.0,0.0,0.0,0.0,0.0,1.0,1.0,0.0,0.0,1.0,1.0,1.0,0.0,0.0,0.0,0.0,0.0,0.0,1.0,1.0,0.0,0.0,0.0,1.0,1.0,0.0,1.0,1.0,0.0,0.0,1.0,0.0,1.0,1.0,1.0,0.0,0.0,0.0,0.0,0.0,0.0,0.0,1.0,1.0,0.0,1.0,1.0,1.0,1.0,0.0,0.0,1.0,0.0,0.0,0.0,0.0,0.0,0.0,0.0,1.0,0.0,1.0,0.0,1.0,0.0,0.0,0.0,1.0,1.0,1.0,0.0,1.0,0.0,1.0
Nc1nc(=O)c2ncn(COCCO)c2[nH]1,UVEITIS,_ACYCLOVIR,NCT03389191,Not Applicable,Recruiting,All,"18 Years to 80 Years   (Adult, Older Adult)",Other,Allocation: N/A|Intervention Model: Single Group Assignment|Masking: None (Open Label)|Primary Purpose: Treatment,"Tianjin Medical University Eye Hospital, Tianjin, Tianjin, China",RE39264,5,1.0,0.0,0.0,0,0.0,1.0,0.0,0.0,0.0,0.0,0.0,1.0,0.0,0.0,0.0,0.0,0.0,0.0,0.0,1.0,0.0,0.0,1.0,0.0,0.0,0.0,0,1.0,0.0,0.0,0.0,0.0,27.0,127.082691636378,2362.0,0.0,1.0,0.0,0.0,1.0,0.0,0.0,0.0,0.0,-0.95,225.2046,114.76,7.0,3.0,2.0,21.51,54.63,4.0,0.0,1.0,0.0,1.0,0.0,0.0,0.0,0.0,0.0,1.0,0.0,0.0,0.0,1.0,0.0,0.0,1.0,0.0,0.0,0.0,1.0,0.0,1.0,0.0,1.0,0.0,0.0,0.0,0.0,0.0,0.0,0.0,0.0,0.0,0.0,0.0,0.0,0.0,0.0,1.0,0.0,0.0,1.0,0.0,0.0,0.0,0.0,1.0,1.0,0.0,1.0,0.0,1.0,0.0,0.0,0.0,0.0,0.0,1.0,0.0,1.0,1.0,0.0,1.0,1.0,0.0,1.0,0.0,0.0,0.0,0.0,0.0,0.0,0.0,1.0,1.0,0.0,1.0,0.0,0.0,0.0,1.0,0.0,1.0,1.0,0.0,1.0,1.0,0.0,0.0,0.0,0.0,1.0,1.0,0.0,1.0,1.0,1.0,1.0,0.0,0.0,0.0,0.0,1.0,0.0,0.0,0.0,0.0,0.0,0.0,0.0,0.0,0.0,0.0,0.0,0.0,0.0,0.0,0.0,0.0,0.0,0.0,0.0,0.0,0.0,1.0,0.0,0.0,0.0,0.0,0.0
CO[C@H]1C[C@@H]2CC[C@@H](C)[C@@](O)(O2)C(=O)C(=O)N2CCCC[C@H]2C(=O)O[C@H]([C@H](C)C[C@@H]2CC[C@@H](O)[C@H](OC)C2)CC(=O)[C@H](C)/C=C(\C)[C@@H](O)[C@@H](OC)C(=O)[C@H](C)C[C@H](C)/C=C/C=C/C=C/1C,DRY EYE,_SIROLIMUS,NCT04115800,Early Phase 1,Recruiting,All,"18 Years to 70 Years   (Adult, Older Adult)",Other,"Allocation: Randomized|Intervention Model: Parallel Assignment|Masking: Triple (Participant, Care Provider, Investigator)|Primary Purpose: Treatment","Instituto de Oftalmología, Mexico City, Mexico",5212155,4,1.0,0.0,0.0,0,0.0,1.0,0.0,0.0,0.0,0.0,0.0,0.0,0.0,1.0,0.0,0.0,0.0,1.0,0.0,0.0,1.0,0.0,0.0,0.0,0.0,0.0,0,1.0,0.0,0.0,0.0,0.0,10.0,21.5856588430973,1254.0,0.0,1.0,0.0,1.0,0.0,0.0,0.0,0.0,0.0,4.85,914.187,195.43,12.0,3.0,4.0,101.74,250.66,6.0,1.0,0.0,0.0,0.0,1.0,1.0,0.0,1.0,0.0,1.0,1.0,1.0,0.0,1.0,1.0,1.0,0.0,1.0,1.0,1.0,0.0,1.0,0.0,0.0,0.0,1.0,0.0,0.0,1.0,1.0,1.0,0.0,1.0,1.0,1.0,1.0,1.0,0.0,0.0,1.0,0.0,1.0,1.0,1.0,1.0,1.0,1.0,1.0,1.0,1.0,0.0,0.0,0.0,0.0,1.0,1.0,1.0,1.0,1.0,0.0,1.0,1.0,1.0,0.0,0.0,0.0,1.0,0.0,0.0,0.0,1.0,0.0,0.0,1.0,0.0,1.0,1.0,1.0,1.0,0.0,0.0,1.0,0.0,1.0,1.0,0.0,0.0,0.0,0.0,0.0,0.0,0.0,0.0,1.0,0.0,1.0,0.0,1.0,0.0,0.0,1.0,0.0,1.0,1.0,0.0,0.0,1.0,1.0,1.0,1.0,0.0,0.0,0.0,1.0,1.0,1.0,0.0,1.0,0.0,0.0,1.0,0.0,0.0,0.0,0.0,1.0,1.0,0.0,1.0,1.0,0.0
O=C(O)[C@H](O)[C@@H](O)C(=O)O,OPEN ANGLE GLAUCOMA|OCULAR HYPERTENSION,_TARTRATE,NCT03450629,Phase 3,Recruiting,All,"2 Years and older   (Child, Adult, Older Adult)",Industry,Allocation: Randomized|Intervention Model: Parallel Assignment|Masking: Single (Investigator)|Primary Purpose: Treatment,"SPARC Site 4, Chandler, Arizona, United States|SPARC Site 5, Prescott, Arizona, United States|SPARC Site 3, Sun City, Arizona, United States|SPARC Site 38, Burbank, California, United States|SPARC Site 44, Glendale, California, United States|SPARC Site 45, Glendale, California, United States|SPARC Site 43, Mission Hills, California, United States|SPARC Site 1, Newport Beach, California, United States|SPARC Site 14, Santa Barbara, California, United States|SPARC Site 47, Torrance, California, United States|SPARC Site 7, Colorado Springs, Colorado, United States|SPARC Site 11, Coral Springs, Florida, United States|SPARC Site 29, Deerfield Beach, Florida, United States|SPARC Site 34, Fort Myers, Florida, United States|SPARC Site 46, Hollywood, Florida, United States|SPARC Site 21, Jacksonville, Florida, United States|SPARC Site 35, Miami, Florida, United States|SPARC Site 27, Miami, Florida, United States|SPARC Site 10, Miami, Florida, United States|SPARC Site 16, Miami, Florida, United States|SPARC Site 19, Miami, Florida, United States|SPARC Site 25, Miami, Florida, United States|SPARC Site 41, Pompano Beach, Florida, United States|SPARC Site 18, Tampa, Florida, United States|SPARC Site 42, Atlanta, Georgia, United States|SPARC Site 2, Morrow, Georgia, United States|SPARC Site 22, Roswell, Georgia, United States|SPARC Site 12, Chicago, Illinois, United States|SPARC Site 23, Paducah, Kentucky, United States|SPARC Site 40, Bowie, Maryland, United States|SPARC Site 28, Kansas City, Missouri, United States|SPARC Site 48, Kansas City, Missouri, United States|SPARC Site 31, Saint Louis, Missouri, United States|SPARC Site 6, Henderson, Nevada, United States|SPARC Site 15, Poughkeepsie, New York, United States|SPARC Site 36, Rochester, New York, United States|SPARC Site 30, Gastonia, North Carolina, United States|SPARC Site 9, High Point, North Carolina, United States|SPARC Site 17, Winston-Salem, North Carolina, United States|SPARC Site 33, Fargo, North Dakota, United States|SPARC Site 37, Cincinnati, Ohio, United States|SPARC Site 8, Cleveland, Ohio, United States|SPARC Site 24, Cranberry Township, Pennsylvania, United States|SPARC Site 32, Memphis, Tennessee, United States|SPARC Site 39, Houston, Texas, United States|SPARC Site 13, Mission, Texas, United States|SPARC Site 20, San Antonio, Texas, United States|SPARC Site 26, Saint Albans, Vermont, United States",,,1.0,0.0,0.0,0,0.0,0.0,0.0,0.0,1.0,0.0,0.0,0.0,0.0,1.0,0.0,0.0,0.0,1.0,0.0,0.0,0.0,1.0,0.0,0.0,0.0,0.0,0,0.0,1.0,0.0,0.0,0.0,15.0,32.7488,128.0,0.0,0.0,0.0,0.0,0.0,0.0,1.0,1.0,0.0,-1.3,150.0868,115.06,6.0,4.0,0.0,11.33,26.21,3.0,0.0,1.0,0.0,0.0,1.0,0.0,1.0,0.0,1.0,0.0,0.0,0.0,0.0,1.0,0.0,0.0,0.0,0.0,0.0,0.0,0.0,0.0,0.0,0.0,0.0,0.0,0.0,0.0,0.0,0.0,0.0,0.0,0.0,0.0,0.0,0.0,0.0,0.0,0.0,0.0,0.0,0.0,1.0,0.0,0.0,0.0,0.0,0.0,0.0,0.0,0.0,0.0,0.0,0.0,0.0,1.0,0.0,0.0,0.0,0.0,0.0,0.0,0.0,0.0,0.0,0.0,0.0,0.0,0.0,0.0,0.0,0.0,0.0,0.0,0.0,0.0,0.0,0.0,0.0,0.0,0.0,0.0,0.0,0.0,0.0,0.0,0.0,0.0,0.0,0.0,0.0,1.0,0.0,0.0,0.0,0.0,1.0,0.0,0.0,0.0,0.0,0.0,1.0,0.0,0.0,0.0,0.0,0.0,0.0,0.0,0.0,0.0,0.0,0.0,0.0,0.0,0.0,0.0,0.0,0.0,0.0,0.0,0.0,0.0,0.0,0.0,0.0,0.0,1.0,0.0,0.0
Brc1c(NC2=NCCN2)ccc2nccnc12,OPEN ANGLE GLAUCOMA|OCULAR HYPERTENSION,_BRIMONIDINE,NCT03450629,Phase 3,Recruiting,All,"2 Years and older   (Child, Adult, Older Adult)",Industry,Allocation: Randomized|Intervention Model: Parallel Assignment|Masking: Single (Investigator)|Primary Purpose: Treatment,"SPARC Site 4, Chandler, Arizona, United States|SPARC Site 5, Prescott, Arizona, United States|SPARC Site 3, Sun City, Arizona, United States|SPARC Site 38, Burbank, California, United States|SPARC Site 44, Glendale, California, United States|SPARC Site 45, Glendale, California, United States|SPARC Site 43, Mission Hills, California, United States|SPARC Site 1, Newport Beach, California, United States|SPARC Site 14, Santa Barbara, California, United States|SPARC Site 47, Torrance, California, United States|SPARC Site 7, Colorado Springs, Colorado, United States|SPARC Site 11, Coral Springs, Florida, United States|SPARC Site 29, Deerfield Beach, Florida, United States|SPARC Site 34, Fort Myers, Florida, United States|SPARC Site 46, Hollywood, Florida, United States|SPARC Site 21, Jacksonville, Florida, United States|SPARC Site 35, Miami, Florida, United States|SPARC Site 27, Miami, Florida, United States|SPARC Site 10, Miami, Florida, United States|SPARC Site 16, Miami, Florida, United States|SPARC Site 19, Miami, Florida, United States|SPARC Site 25, Miami, Florida, United States|SPARC Site 41, Pompano Beach, Florida, United States|SPARC Site 18, Tampa, Florida, United States|SPARC Site 42, Atlanta, Georgia, United States|SPARC Site 2, Morrow, Georgia, United States|SPARC Site 22, Roswell, Georgia, United States|SPARC Site 12, Chicago, Illinois, United States|SPARC Site 23, Paducah, Kentucky, United States|SPARC Site 40, Bowie, Maryland, United States|SPARC Site 28, Kansas City, Missouri, United States|SPARC Site 48, Kansas City, Missouri, United States|SPARC Site 31, Saint Louis, Missouri, United States|SPARC Site 6, Henderson, Nevada, United States|SPARC Site 15, Poughkeepsie, New York, United States|SPARC Site 36, Rochester, New York, United States|SPARC Site 30, Gastonia, North Carolina, United States|SPARC Site 9, High Point, North Carolina, United States|SPARC Site 17, Winston-Salem, North Carolina, United States|SPARC Site 33, Fargo, North Dakota, United States|SPARC Site 37, Cincinnati, Ohio, United States|SPARC Site 8, Cleveland, Ohio, United States|SPARC Site 24, Cranberry Township, Pennsylvania, United States|SPARC Site 32, Memphis, Tennessee, United States|SPARC Site 39, Houston, Texas, United States|SPARC Site 13, Mission, Texas, United States|SPARC Site 20, San Antonio, Texas, United States|SPARC Site 26, Saint Albans, Vermont, United States",5424078.0,A61K47/02,1.0,0.0,0.0,0,0.0,0.0,0.0,0.0,1.0,0.0,0.0,0.0,0.0,1.0,0.0,0.0,0.0,1.0,0.0,0.0,0.0,1.0,0.0,0.0,0.0,0.0,0,0.0,1.0,0.0,0.0,0.0,18.0,49.3808907780447,272.0,0.0,1.0,0.0,0.0,0.0,0.0,1.0,0.0,0.0,1.27,292.135,62.2,5.0,2.0,3.0,25.74,68.49,1.0,0.0,1.0,0.0,1.0,0.0,0.0,0.0,0.0,0.0,0.0,0.0,0.0,0.0,1.0,0.0,0.0,0.0,0.0,0.0,1.0,0.0,0.0,1.0,0.0,0.0,0.0,0.0,0.0,0.0,0.0,0.0,0.0,0.0,1.0,0.0,1.0,0.0,0.0,0.0,0.0,0.0,0.0,0.0,0.0,1.0,0.0,0.0,1.0,0.0,0.0,1.0,0.0,1.0,1.0,0.0,0.0,0.0,0.0,0.0,0.0,1.0,0.0,0.0,1.0,0.0,1.0,0.0,1.0,1.0,0.0,0.0,1.0,0.0,0.0,0.0,1.0,1.0,1.0,0.0,0.0,0.0,0.0,0.0,0.0,1.0,0.0,0.0,0.0,0.0,1.0,0.0,1.0,1.0,1.0,0.0,0.0,0.0,0.0,1.0,0.0,0.0,1.0,0.0,1.0,1.0,0.0,0.0,0.0,0.0,0.0,1.0,0.0,0.0,0.0,1.0,0.0,1.0,0.0,0.0,0.0,0.0,0.0,0.0,0.0,0.0,1.0,0.0,0.0,0.0,0.0,0.0
Brc1c(NC2=NCCN2)ccc2nccnc12.O=C(O)C(O)C(O)C(=O)O,OPEN ANGLE GLAUCOMA|OCULAR HYPERTENSION,_BRIMONIDINE_TARTRATE,NCT03450629,Phase 3,Recruiting,All,"2 Years and older   (Child, Adult, Older Adult)",Industry,Allocation: Randomized|Intervention Model: Parallel Assignment|Masking: Single (Investigator)|Primary Purpose: Treatment,"SPARC Site 4, Chandler, Arizona, United States|SPARC Site 5, Prescott, Arizona, United States|SPARC Site 3, Sun City, Arizona, United States|SPARC Site 38, Burbank, California, United States|SPARC Site 44, Glendale, California, United States|SPARC Site 45, Glendale, California, United States|SPARC Site 43, Mission Hills, California, United States|SPARC Site 1, Newport Beach, California, United States|SPARC Site 14, Santa Barbara, California, United States|SPARC Site 47, Torrance, California, United States|SPARC Site 7, Colorado Springs, Colorado, United States|SPARC Site 11, Coral Springs, Florida, United States|SPARC Site 29, Deerfield Beach, Florida, United States|SPARC Site 34, Fort Myers, Florida, United States|SPARC Site 46, Hollywood, Florida, United States|SPARC Site 21, Jacksonville, Florida, United States|SPARC Site 35, Miami, Florida, United States|SPARC Site 27, Miami, Florida, United States|SPARC Site 10, Miami, Florida, United States|SPARC Site 16, Miami, Florida, United States|SPARC Site 19, Miami, Florida, United States|SPARC Site 25, Miami, Florida, United States|SPARC Site 41, Pompano Beach, Florida, United States|SPARC Site 18, Tampa, Florida, United States|SPARC Site 42, Atlanta, Georgia, United States|SPARC Site 2, Morrow, Georgia, United States|SPARC Site 22, Roswell, Georgia, United States|SPARC Site 12, Chicago, Illinois, United States|SPARC Site 23, Paducah, Kentucky, United States|SPARC Site 40, Bowie, Maryland, United States|SPARC Site 28, Kansas City, Missouri, United States|SPARC Site 48, Kansas City, Missouri, United States|SPARC Site 31, Saint Louis, Missouri, United States|SPARC Site 6, Henderson, Nevada, United States|SPARC Site 15, Poughkeepsie, New York, United States|SPARC Site 36, Rochester, New York, United States|SPARC Site 30, Gastonia, North Carolina, United States|SPARC Site 9, High Point, North Carolina, United States|SPARC Site 17, Winston-Salem, North Carolina, United States|SPARC Site 33, Fargo, North Dakota, United States|SPARC Site 37, Cincinnati, Ohio, United States|SPARC Site 8, Cleveland, Ohio, United States|SPARC Site 24, Cranberry Township, Pennsylvania, United States|SPARC Site 32, Memphis, Tennessee, United States|SPARC Site 39, Houston, Texas, United States|SPARC Site 13, Mission, Texas, United States|SPARC Site 20, San Antonio, Texas, United States|SPARC Site 26, Saint Albans, Vermont, United States",WO-1995003798-A2,4,1.0,0.0,0.0,0,0.0,0.0,0.0,0.0,1.0,0.0,0.0,0.0,0.0,1.0,0.0,0.0,0.0,1.0,0.0,0.0,0.0,1.0,0.0,0.0,0.0,0.0,0,0.0,1.0,0.0,0.0,0.0,11.0,32.7488,19.0,0.0,1.0,0.0,1.0,0.0,0.0,0.0,0.0,0.0,2.1233,442.0703,112.1969,5.0,2.0,3.0,44.7137,115.5493,5.0,0.0,0.0,1.0,1.0,1.0,0.0,1.0,0.0,1.0,0.0,0.0,0.0,0.0,1.0,0.0,0.0,0.0,0.0,0.0,1.0,0.0,0.0,1.0,0.0,0.0,0.0,0.0,0.0,0.0,0.0,0.0,0.0,0.0,1.0,0.0,1.0,0.0,0.0,0.0,0.0,0.0,0.0,1.0,0.0,1.0,0.0,0.0,1.0,0.0,0.0,1.0,0.0,1.0,1.0,0.0,1.0,0.0,0.0,0.0,0.0,1.0,0.0,0.0,1.0,0.0,1.0,0.0,1.0,1.0,0.0,0.0,1.0,0.0,0.0,0.0,1.0,1.0,1.0,0.0,0.0,0.0,0.0,0.0,0.0,1.0,0.0,0.0,0.0,0.0,1.0,0.0,1.0,1.0,1.0,0.0,0.0,1.0,0.0,1.0,0.0,0.0,1.0,1.0,1.0,1.0,0.0,0.0,0.0,0.0,0.0,1.0,0.0,0.0,0.0,1.0,0.0,1.0,0.0,0.0,0.0,0.0,0.0,0.0,0.0,0.0,1.0,0.0,0.0,1.0,0.0,0.0
CN(C)C(=N)NC(=N)N,PRIMARY OPEN ANGLE GLAUCOMA,_METFORMIN,NCT04155164,Not Applicable,Recruiting,All,"18 Years to 65 Years   (Adult, Older Adult)",Other,"Allocation: Randomized|Intervention Model: Parallel Assignment|Masking: Quadruple (Participant, Care Provider, Investigator, Outcomes Assessor)|Primary Purpose: Treatment","Zhongshan Ophthalmic Center, Guangzhou, Guangdong, China",6288095.0,4,1.0,0.0,0.0,0,0.0,1.0,0.0,0.0,0.0,0.0,0.0,0.0,0.0,1.0,0.0,0.0,0.0,1.0,0.0,0.0,0.0,0.0,1.0,0.0,0.0,0.0,0,1.0,0.0,0.0,0.0,0.0,10.0,80.757305078133,88.0,1.0,0.0,0.0,1.0,0.0,0.0,0.0,0.0,0.0,-1.8,129.1636,88.99,5.0,4.0,0.0,13.43,56.64,0.0,0.0,1.0,0.0,1.0,0.0,0.0,0.0,0.0,0.0,0.0,0.0,0.0,0.0,0.0,1.0,1.0,0.0,0.0,0.0,0.0,0.0,0.0,1.0,1.0,0.0,0.0,0.0,0.0,0.0,0.0,1.0,0.0,0.0,0.0,0.0,0.0,1.0,0.0,0.0,0.0,0.0,0.0,1.0,0.0,0.0,0.0,1.0,0.0,0.0,0.0,0.0,0.0,0.0,0.0,0.0,0.0,0.0,0.0,0.0,0.0,0.0,0.0,0.0,0.0,0.0,0.0,0.0,1.0,0.0,0.0,0.0,0.0,0.0,0.0,0.0,0.0,0.0,0.0,0.0,0.0,0.0,0.0,0.0,1.0,0.0,0.0,0.0,0.0,0.0,0.0,0.0,0.0,0.0,0.0,0.0,0.0,0.0,0.0,1.0,0.0,0.0,0.0,0.0,1.0,0.0,0.0,0.0,0.0,0.0,0.0,0.0,0.0,0.0,0.0,1.0,0.0,1.0,0.0,0.0,0.0,1.0,0.0,0.0,0.0,0.0,0.0,0.0,0.0,0.0,0.0,0.0
CNC1(c2ccccc2Cl)CCCCC1=O,TINNITUS,_KETAMINE,NCT03336398,Phase 2,Recruiting,All,21 Years to 60 Years   (Adult),Other,"Allocation: Randomized|Intervention Model: Crossover Assignment|Masking: Quadruple (Participant, Care Provider, Investigator, Outcomes Assessor)|Primary Purpose: Treatment","1051 Riverside Drive, New York, New York, United States",3966793,C07D307/52,1.0,0.0,0.0,0,1.0,0.0,0.0,0.0,0.0,0.0,0.0,0.0,0.0,1.0,0.0,1.0,0.0,0.0,0.0,0.0,0.0,1.0,0.0,0.0,0.0,0.0,0,1.0,0.0,0.0,0.0,0.0,13.0,33.0848682724491,249.0,0.0,1.0,0.0,0.0,0.0,0.0,1.0,0.0,0.0,2.69,237.725,29.1,2.0,1.0,2.0,24.97,65.55,2.0,0.0,1.0,0.0,1.0,0.0,0.0,0.0,1.0,1.0,0.0,0.0,0.0,0.0,1.0,0.0,1.0,0.0,1.0,0.0,0.0,0.0,0.0,1.0,0.0,1.0,1.0,0.0,0.0,0.0,1.0,0.0,0.0,0.0,1.0,0.0,1.0,1.0,1.0,0.0,1.0,0.0,0.0,0.0,0.0,0.0,0.0,0.0,0.0,0.0,0.0,1.0,0.0,1.0,0.0,0.0,1.0,0.0,1.0,0.0,0.0,0.0,1.0,0.0,1.0,0.0,0.0,1.0,1.0,0.0,0.0,0.0,0.0,0.0,0.0,0.0,0.0,0.0,1.0,0.0,0.0,0.0,1.0,0.0,0.0,1.0,0.0,0.0,0.0,0.0,1.0,0.0,0.0,0.0,0.0,0.0,0.0,0.0,1.0,0.0,0.0,0.0,0.0,0.0,1.0,0.0,1.0,0.0,0.0,0.0,0.0,0.0,0.0,0.0,1.0,0.0,0.0,0.0,0.0,0.0,0.0,0.0,0.0,0.0,0.0,0.0,0.0,0.0,0.0,0.0,0.0,0.0
CNC1(c2ccccc2Cl)CCCCC1=O.Cl,TINNITUS,_KETAMINE_HYDROCHLORIDE,NCT03336398,Phase 2,Recruiting,All,21 Years to 60 Years   (Adult),Other,"Allocation: Randomized|Intervention Model: Crossover Assignment|Masking: Quadruple (Participant, Care Provider, Investigator, Outcomes Assessor)|Primary Purpose: Treatment","1051 Riverside Drive, New York, New York, United States",4017619,5,1.0,0.0,0.0,0,1.0,0.0,0.0,0.0,0.0,0.0,0.0,0.0,0.0,1.0,0.0,1.0,0.0,0.0,0.0,0.0,0.0,1.0,0.0,0.0,0.0,0.0,0,1.0,0.0,0.0,0.0,0.0,1.0,18.431589971046602,56.0,0.0,1.0,0.0,0.0,1.0,0.0,0.0,0.0,0.0,2.1233,442.0703,112.1969,5.0,2.0,3.0,44.7137,115.5493,5.0,0.0,0.0,1.0,1.0,0.0,1.0,0.0,1.0,1.0,0.0,0.0,0.0,0.0,1.0,0.0,1.0,0.0,1.0,0.0,0.0,0.0,0.0,1.0,0.0,1.0,1.0,0.0,0.0,0.0,1.0,0.0,0.0,0.0,1.0,0.0,1.0,1.0,1.0,0.0,1.0,0.0,0.0,0.0,0.0,0.0,0.0,0.0,0.0,0.0,0.0,1.0,0.0,1.0,0.0,0.0,1.0,0.0,1.0,0.0,0.0,0.0,1.0,0.0,1.0,0.0,0.0,1.0,1.0,0.0,0.0,0.0,0.0,0.0,0.0,0.0,0.0,0.0,1.0,0.0,0.0,0.0,1.0,0.0,0.0,1.0,0.0,0.0,0.0,0.0,1.0,0.0,0.0,0.0,0.0,0.0,0.0,0.0,1.0,0.0,0.0,0.0,0.0,0.0,1.0,0.0,1.0,0.0,0.0,0.0,0.0,0.0,0.0,0.0,1.0,0.0,0.0,0.0,0.0,0.0,0.0,0.0,0.0,0.0,0.0,0.0,0.0,0.0,0.0,0.0,0.0,0.0
CC(C)(C)NC[C@H](O)COc1nsnc1N1CCOCC1,PRIMARY OPEN ANGLE GLAUCOMA,_TIMOLOL,NCT03193333,Phase 3,Recruiting,All,"18 Years and older   (Adult, Older Adult)",Industry,"Allocation: Randomized|Intervention Model: Parallel Assignment|Masking: Double (Participant, Investigator)|Primary Purpose: Treatment","MD. Sandra Belalcazar Rey, Bogotá, Bogotá D.C., Colombia|MD. Victoria Eugenia Sanchez Castellanos, Zapopan, Jalisco, Mexico",5231095.0,C07D285/10,1.0,0.0,0.0,0,0.0,1.0,0.0,0.0,0.0,0.0,0.0,0.0,0.0,1.0,0.0,0.0,0.0,1.0,0.0,0.0,1.0,0.0,0.0,0.0,0.0,0.0,0,0.0,1.0,0.0,0.0,0.0,2.0,27.2695537896055,870.0,0.0,1.0,0.0,0.0,0.0,0.0,1.0,0.0,0.0,1.44,316.42,79.74,7.0,2.0,2.0,33.86,83.92,7.0,0.0,1.0,0.0,1.0,1.0,1.0,0.0,0.0,0.0,0.0,0.0,1.0,0.0,0.0,1.0,0.0,0.0,0.0,0.0,1.0,1.0,1.0,0.0,0.0,0.0,0.0,1.0,0.0,0.0,0.0,0.0,0.0,0.0,1.0,0.0,0.0,1.0,0.0,1.0,0.0,0.0,0.0,1.0,0.0,0.0,1.0,0.0,1.0,0.0,1.0,0.0,0.0,0.0,0.0,0.0,0.0,0.0,1.0,1.0,0.0,0.0,0.0,0.0,0.0,0.0,0.0,0.0,1.0,0.0,0.0,0.0,0.0,0.0,0.0,0.0,1.0,1.0,0.0,1.0,0.0,0.0,0.0,0.0,1.0,0.0,0.0,0.0,0.0,0.0,0.0,0.0,0.0,1.0,0.0,1.0,0.0,0.0,1.0,0.0,0.0,0.0,0.0,1.0,1.0,0.0,0.0,0.0,1.0,1.0,0.0,0.0,0.0,0.0,0.0,0.0,0.0,0.0,1.0,0.0,1.0,0.0,1.0,0.0,0.0,0.0,1.0,0.0,0.0,1.0,0.0,1.0
CCN[C@H]1C[C@H](C)S(=O)(=O)c2sc(S(N)(=O)=O)cc21,PRIMARY OPEN ANGLE GLAUCOMA,_DORZOLAMIDE,NCT03193333,Phase 3,Recruiting,All,"18 Years and older   (Adult, Older Adult)",Industry,"Allocation: Randomized|Intervention Model: Parallel Assignment|Masking: Double (Participant, Investigator)|Primary Purpose: Treatment","MD. Sandra Belalcazar Rey, Bogotá, Bogotá D.C., Colombia|MD. Victoria Eugenia Sanchez Castellanos, Zapopan, Jalisco, Mexico",,,1.0,0.0,0.0,0,0.0,1.0,0.0,0.0,0.0,0.0,0.0,0.0,0.0,1.0,0.0,0.0,0.0,1.0,0.0,0.0,1.0,0.0,0.0,0.0,0.0,0.0,0,0.0,1.0,0.0,0.0,0.0,15.0,32.7488,128.0,0.0,0.0,0.0,0.0,0.0,0.0,1.0,1.0,0.0,-0.5,324.44,106.33,5.0,2.0,2.0,31.55,72.46,3.0,0.0,1.0,0.0,1.0,0.0,0.0,1.0,0.0,0.0,0.0,0.0,1.0,0.0,1.0,0.0,1.0,0.0,0.0,0.0,0.0,0.0,0.0,1.0,0.0,0.0,0.0,0.0,0.0,0.0,0.0,0.0,0.0,1.0,1.0,0.0,0.0,1.0,1.0,1.0,0.0,1.0,1.0,0.0,1.0,0.0,0.0,0.0,0.0,0.0,1.0,0.0,0.0,0.0,0.0,0.0,0.0,0.0,0.0,0.0,0.0,0.0,0.0,1.0,0.0,0.0,1.0,0.0,0.0,1.0,0.0,0.0,1.0,0.0,0.0,1.0,0.0,0.0,0.0,0.0,0.0,0.0,0.0,1.0,1.0,1.0,1.0,0.0,1.0,1.0,1.0,0.0,0.0,0.0,0.0,0.0,0.0,0.0,1.0,0.0,0.0,0.0,1.0,0.0,1.0,0.0,0.0,0.0,0.0,0.0,1.0,1.0,0.0,0.0,0.0,0.0,1.0,1.0,0.0,0.0,0.0,0.0,0.0,0.0,0.0,0.0,0.0,1.0,0.0,0.0,0.0,0.0
Brc1c(NC2=NCCN2)ccc2nccnc12,PRIMARY OPEN ANGLE GLAUCOMA,_BRIMONIDINE,NCT03193333,Phase 3,Recruiting,All,"18 Years and older   (Adult, Older Adult)",Industry,"Allocation: Randomized|Intervention Model: Parallel Assignment|Masking: Double (Participant, Investigator)|Primary Purpose: Treatment","MD. Sandra Belalcazar Rey, Bogotá, Bogotá D.C., Colombia|MD. Victoria Eugenia Sanchez Castellanos, Zapopan, Jalisco, Mexico",5424078.0,A61K47/02,1.0,0.0,0.0,0,0.0,1.0,0.0,0.0,0.0,0.0,0.0,0.0,0.0,1.0,0.0,0.0,0.0,1.0,0.0,0.0,1.0,0.0,0.0,0.0,0.0,0.0,0,0.0,1.0,0.0,0.0,0.0,18.0,49.3808907780447,272.0,0.0,1.0,0.0,0.0,0.0,0.0,1.0,0.0,0.0,1.27,292.135,62.2,5.0,2.0,3.0,25.74,68.49,1.0,0.0,1.0,0.0,1.0,0.0,0.0,0.0,0.0,0.0,0.0,0.0,0.0,0.0,1.0,0.0,0.0,0.0,0.0,0.0,1.0,0.0,0.0,1.0,0.0,0.0,0.0,0.0,0.0,0.0,0.0,0.0,0.0,0.0,1.0,0.0,1.0,0.0,0.0,0.0,0.0,0.0,0.0,0.0,0.0,1.0,0.0,0.0,1.0,0.0,0.0,1.0,0.0,1.0,1.0,0.0,0.0,0.0,0.0,0.0,0.0,1.0,0.0,0.0,1.0,0.0,1.0,0.0,1.0,1.0,0.0,0.0,1.0,0.0,0.0,0.0,1.0,1.0,1.0,0.0,0.0,0.0,0.0,0.0,0.0,1.0,0.0,0.0,0.0,0.0,1.0,0.0,1.0,1.0,1.0,0.0,0.0,0.0,0.0,1.0,0.0,0.0,1.0,0.0,1.0,1.0,0.0,0.0,0.0,0.0,0.0,1.0,0.0,0.0,0.0,1.0,0.0,1.0,0.0,0.0,0.0,0.0,0.0,0.0,0.0,0.0,1.0,0.0,0.0,0.0,0.0,0.0
CC(C)(C)NC[C@H](O)COc1nsnc1N1CCOCC1,"GLAUCOMA, PRIMARY OPEN ANGLE|OCULAR HYPERTENSION",_TIMOLOL,NCT04149899,Phase 1|Phase 2,Recruiting,All,"18 Years and older   (Adult, Older Adult)",Industry,"Allocation: Randomized|Intervention Model: Parallel Assignment|Masking: Triple (Participant, Investigator, Outcomes Assessor)|Primary Purpose: Treatment","Eye Research Foundation, Newport Beach, California, United States",5231095.0,C07D285/10,1.0,0.0,0.0,0,0.0,1.0,0.0,0.0,0.0,0.0,0.0,0.0,0.0,1.0,0.0,0.0,0.0,1.0,0.0,0.0,0.0,1.0,0.0,0.0,0.0,0.0,0,0.0,1.0,0.0,0.0,0.0,2.0,27.2695537896055,870.0,0.0,1.0,0.0,0.0,0.0,0.0,1.0,0.0,0.0,1.44,316.42,79.74,7.0,2.0,2.0,33.86,83.92,7.0,0.0,1.0,0.0,1.0,1.0,1.0,0.0,0.0,0.0,0.0,0.0,1.0,0.0,0.0,1.0,0.0,0.0,0.0,0.0,1.0,1.0,1.0,0.0,0.0,0.0,0.0,1.0,0.0,0.0,0.0,0.0,0.0,0.0,1.0,0.0,0.0,1.0,0.0,1.0,0.0,0.0,0.0,1.0,0.0,0.0,1.0,0.0,1.0,0.0,1.0,0.0,0.0,0.0,0.0,0.0,0.0,0.0,1.0,1.0,0.0,0.0,0.0,0.0,0.0,0.0,0.0,0.0,1.0,0.0,0.0,0.0,0.0,0.0,0.0,0.0,1.0,1.0,0.0,1.0,0.0,0.0,0.0,0.0,1.0,0.0,0.0,0.0,0.0,0.0,0.0,0.0,0.0,1.0,0.0,1.0,0.0,0.0,1.0,0.0,0.0,0.0,0.0,1.0,1.0,0.0,0.0,0.0,1.0,1.0,0.0,0.0,0.0,0.0,0.0,0.0,0.0,0.0,1.0,0.0,1.0,0.0,1.0,0.0,0.0,0.0,1.0,0.0,0.0,1.0,0.0,1.0
CC(C)OC(=O)CCC/C=C\C[C@H]1[C@@H](O)C[C@@H](O)[C@@H]1CC[C@@H](O)CCc1ccccc1,OPEN ANGLE GLAUCOMA,_LATANOPROST,NCT04060758,Phase 1,Recruiting,All,"18 Years and older   (Adult, Older Adult)",Industry,Allocation: Non-Randomized|Intervention Model: Sequential Assignment|Masking: None (Open Label)|Primary Purpose: Treatment,"Bendigo Eye Clinic, Bendigo, Victoria, Australia|Essendon Eye Clinic, Essendon, Victoria, Australia|Melbourne Eye Specialists, Fitzroy, Victoria, Australia|PersonalEYES, Parramatta, Victoria, Australia|Eyes First, Springvale, Victoria, Australia",5296504,5,1.0,0.0,0.0,0,0.0,1.0,0.0,0.0,0.0,0.0,0.0,0.0,1.0,0.0,0.0,0.0,0.0,0.0,1.0,0.0,1.0,0.0,0.0,0.0,0.0,0.0,0,0.0,1.0,0.0,0.0,0.0,16.0,15.408940635331302,173.0,0.0,1.0,0.0,0.0,1.0,0.0,0.0,0.0,0.0,4.16,432.5928,86.99,4.0,3.0,2.0,50.71,124.34,14.0,0.0,1.0,0.0,1.0,1.0,0.0,0.0,0.0,1.0,0.0,1.0,0.0,0.0,1.0,0.0,1.0,0.0,0.0,0.0,0.0,1.0,0.0,1.0,0.0,1.0,0.0,0.0,0.0,0.0,1.0,1.0,1.0,0.0,1.0,0.0,0.0,1.0,0.0,0.0,1.0,0.0,0.0,1.0,0.0,0.0,1.0,0.0,0.0,0.0,0.0,1.0,0.0,0.0,0.0,0.0,0.0,0.0,1.0,1.0,1.0,0.0,1.0,0.0,0.0,1.0,0.0,0.0,1.0,0.0,0.0,0.0,0.0,1.0,0.0,0.0,0.0,1.0,0.0,0.0,1.0,0.0,0.0,0.0,1.0,1.0,0.0,0.0,0.0,0.0,1.0,0.0,0.0,0.0,1.0,1.0,0.0,0.0,0.0,0.0,1.0,0.0,0.0,1.0,1.0,0.0,0.0,0.0,0.0,1.0,1.0,0.0,0.0,0.0,0.0,0.0,0.0,0.0,0.0,0.0,0.0,0.0,1.0,1.0,1.0,0.0,0.0,1.0,0.0,1.0,1.0,1.0
CCNC(=O)CCC/C=C\C[C@H]1[C@@H](O)C[C@@H](O)[C@@H]1/C=C/[C@@H](O)CCc1ccccc1,OPEN-ANGLE GLAUCOMA|OCULAR HYPERTENSION,_BIMATOPROST,NCT04285580,Phase 3,Recruiting,All,"18 Years and older   (Adult, Older Adult)",Industry,Allocation: Non-Randomized|Intervention Model: Parallel Assignment|Masking: None (Open Label)|Primary Purpose: Treatment,"Eye Center South, Dothan, Alabama, United States|Eye Research Foundation, Newport Beach, California, United States|Scott & Christie and Associates, Cranberry Township, Pennsylvania, United States|Keystone Research LTD, Austin, Texas, United States",6403649,5,1.0,0.0,0.0,0,0.0,1.0,0.0,0.0,0.0,0.0,0.0,0.0,1.0,0.0,0.0,0.0,0.0,1.0,0.0,0.0,0.0,1.0,0.0,0.0,0.0,0.0,0,0.0,1.0,0.0,0.0,0.0,3.0,27.170989137353892,37.0,0.0,1.0,0.0,0.0,1.0,0.0,0.0,0.0,0.0,3.41,415.5656,89.79,4.0,4.0,2.0,48.24,122.83,12.0,0.0,1.0,0.0,1.0,1.0,0.0,0.0,0.0,1.0,0.0,1.0,0.0,0.0,1.0,0.0,1.0,0.0,1.0,0.0,1.0,1.0,0.0,1.0,0.0,1.0,0.0,0.0,0.0,0.0,1.0,0.0,1.0,0.0,1.0,0.0,0.0,1.0,0.0,0.0,0.0,0.0,1.0,1.0,0.0,1.0,1.0,0.0,0.0,0.0,0.0,1.0,0.0,0.0,0.0,0.0,0.0,1.0,1.0,0.0,0.0,0.0,0.0,0.0,0.0,1.0,1.0,1.0,1.0,0.0,0.0,0.0,0.0,1.0,0.0,0.0,0.0,0.0,0.0,0.0,1.0,0.0,0.0,0.0,1.0,1.0,0.0,0.0,0.0,0.0,1.0,0.0,1.0,0.0,1.0,1.0,0.0,0.0,0.0,0.0,0.0,0.0,1.0,1.0,1.0,0.0,0.0,0.0,0.0,1.0,0.0,0.0,0.0,0.0,0.0,0.0,0.0,0.0,0.0,0.0,1.0,0.0,0.0,1.0,0.0,0.0,0.0,1.0,0.0,1.0,0.0,1.0
CC[C@H](C)[C@@H]1NC(=O)[C@H](Cc2ccc(O)cc2)NC(=O)[C@@H](N)CSSC[C@@H](C(=O)N2CCC[C@H]2C(=O)N[C@@H](CC(C)C)C(=O)NCC(N)=O)NC(=O)[C@H](CC(N)=O)NC(=O)[C@H](CCC(N)=O)NC1=O,TINNITUS,_OXYTOCIN,NCT04210310,Not Applicable,Recruiting,All,"18 Years to 75 Years   (Adult, Older Adult)",Other,Allocation: Randomized|Intervention Model: Parallel Assignment|Masking: Single (Participant)|Primary Purpose: Treatment,"222 East 41st Street Ambulatory Care Center, Preston Robert Tisch Center for Men's Health, New York, New York, United States",3943246,A61K38/095,1.0,0.0,0.0,0,0.0,1.0,0.0,0.0,0.0,0.0,0.0,0.0,0.0,1.0,0.0,0.0,0.0,1.0,0.0,0.0,0.0,1.0,0.0,0.0,0.0,0.0,0,1.0,0.0,0.0,0.0,0.0,6.0,18.3658802028789,1710.0,0.0,1.0,0.0,0.0,0.0,0.0,1.0,0.0,0.0,2.1233,442.0703,112.1969,5.0,2.0,3.0,44.7137,115.5493,5.0,0.0,0.0,1.0,1.0,1.0,1.0,1.0,1.0,0.0,0.0,1.0,1.0,0.0,1.0,0.0,1.0,0.0,0.0,1.0,0.0,0.0,1.0,1.0,0.0,0.0,0.0,0.0,0.0,1.0,0.0,1.0,1.0,1.0,1.0,0.0,1.0,1.0,0.0,1.0,1.0,0.0,1.0,1.0,1.0,0.0,1.0,0.0,0.0,1.0,0.0,1.0,1.0,1.0,0.0,1.0,0.0,0.0,1.0,1.0,0.0,0.0,1.0,0.0,1.0,1.0,1.0,0.0,1.0,1.0,1.0,0.0,0.0,1.0,0.0,0.0,1.0,0.0,1.0,1.0,0.0,0.0,1.0,0.0,1.0,1.0,0.0,0.0,0.0,1.0,1.0,0.0,1.0,0.0,1.0,0.0,0.0,0.0,1.0,0.0,1.0,0.0,1.0,1.0,1.0,0.0,1.0,0.0,1.0,1.0,1.0,0.0,1.0,1.0,0.0,0.0,1.0,0.0,1.0,1.0,0.0,1.0,0.0,1.0,0.0,0.0,0.0,1.0,0.0,1.0,0.0,1.0
CC(=O)N[C@@H]1C[C@H](O)[C@@H](CO)O[C@H]1O[C@@H]1[C@@H](C(=O)O)O[C@@H](O)[C@H](O)[C@H]1O,GLAUCOMA,_HYALURONATE,NCT03758859,Not Applicable,Recruiting,All,"18 Years and older   (Adult, Older Adult)",Other,Allocation: N/A|Intervention Model: Single Group Assignment|Masking: None (Open Label)|Primary Purpose: Diagnostic,"Western Eye Hospital, London, United Kingdom",,,1.0,0.0,0.0,0,0.0,1.0,0.0,0.0,0.0,0.0,0.0,1.0,0.0,0.0,0.0,0.0,0.0,0.0,0.0,1.0,0.0,0.0,0.0,0.0,1.0,0.0,0,1.0,0.0,0.0,0.0,0.0,15.0,32.7488,128.0,0.0,0.0,0.0,0.0,0.0,0.0,1.0,1.0,0.0,2.1233,442.0703,112.1969,5.0,2.0,3.0,44.7137,115.5493,5.0,0.0,0.0,1.0,1.0,1.0,0.0,1.0,0.0,1.0,0.0,0.0,0.0,0.0,1.0,0.0,1.0,0.0,0.0,0.0,1.0,0.0,0.0,0.0,0.0,0.0,0.0,1.0,0.0,0.0,0.0,0.0,0.0,0.0,1.0,0.0,0.0,1.0,0.0,0.0,0.0,0.0,0.0,1.0,0.0,0.0,0.0,1.0,0.0,0.0,0.0,0.0,0.0,0.0,1.0,0.0,0.0,1.0,1.0,1.0,0.0,1.0,0.0,0.0,0.0,0.0,0.0,0.0,1.0,0.0,0.0,1.0,0.0,0.0,0.0,0.0,0.0,0.0,0.0,0.0,0.0,0.0,0.0,1.0,1.0,1.0,0.0,0.0,0.0,0.0,1.0,0.0,0.0,1.0,0.0,0.0,0.0,0.0,1.0,0.0,0.0,0.0,1.0,0.0,1.0,1.0,1.0,0.0,0.0,1.0,0.0,0.0,1.0,0.0,0.0,0.0,1.0,0.0,0.0,0.0,0.0,1.0,1.0,0.0,1.0,1.0,0.0,1.0,0.0,1.0,0.0,0.0
Cc1ccc(C(=O)OCc2ccc([C@@H](CN)C(=O)Nc3ccc4cnccc4c3)cc2)c(C)c1,"GLAUCOMA, OPEN-ANGLE",_NETARSUDIL,NCT04234932,Early Phase 1,Recruiting,All,"18 Years and older   (Adult, Older Adult)",Other,"Allocation: Randomized|Intervention Model: Single Group Assignment|Masking: Double (Participant, Investigator)|Primary Purpose: Treatment","University of the Incarnate Word, San Antonio, Texas, United States",8450344,3,1.0,0.0,0.0,0,0.0,1.0,0.0,0.0,0.0,0.0,0.0,0.0,0.0,1.0,0.0,0.0,0.0,0.0,0.0,1.0,0.0,1.0,0.0,0.0,0.0,0.0,0,1.0,0.0,0.0,0.0,0.0,37.0,58.0874350602681,2.0,0.0,1.0,1.0,0.0,0.0,0.0,0.0,0.0,0.0,3.77,453.542,94.31,4.0,2.0,4.0,51.09,134.66,8.0,0.0,1.0,0.0,1.0,1.0,0.0,0.0,0.0,0.0,0.0,0.0,0.0,1.0,1.0,0.0,0.0,0.0,0.0,0.0,0.0,1.0,0.0,1.0,0.0,0.0,0.0,0.0,1.0,0.0,0.0,0.0,0.0,0.0,1.0,1.0,0.0,1.0,1.0,1.0,0.0,0.0,0.0,1.0,0.0,0.0,0.0,0.0,0.0,0.0,0.0,0.0,0.0,0.0,1.0,0.0,0.0,0.0,1.0,1.0,1.0,1.0,1.0,0.0,0.0,1.0,0.0,1.0,1.0,0.0,1.0,1.0,0.0,0.0,0.0,1.0,0.0,0.0,1.0,1.0,1.0,1.0,0.0,0.0,1.0,1.0,0.0,0.0,1.0,1.0,1.0,0.0,0.0,1.0,1.0,0.0,0.0,1.0,0.0,0.0,0.0,0.0,0.0,0.0,1.0,0.0,0.0,0.0,0.0,1.0,0.0,1.0,0.0,0.0,0.0,1.0,0.0,0.0,0.0,0.0,0.0,1.0,0.0,0.0,0.0,0.0,1.0,0.0,1.0,1.0,0.0,1.0
CN(C)C(=N)NC(=N)N,DIABETIC RETINOPATHY,_METFORMIN,NCT02587741,Early Phase 1,Recruiting,All,"30 Years to 65 Years   (Adult, Older Adult)",Other,Allocation: Randomized|Intervention Model: Parallel Assignment|Masking: None (Open Label)|Primary Purpose: Prevention,"the third affiliated hospital of Sun yet-san university, Guangzhou, Guangdong, China",6288095.0,4,1.0,0.0,0.0,0,0.0,1.0,0.0,0.0,0.0,0.0,0.0,0.0,0.0,1.0,0.0,0.0,0.0,1.0,0.0,0.0,0.0,0.0,1.0,0.0,0.0,0.0,0,1.0,0.0,0.0,0.0,0.0,10.0,80.757305078133,88.0,1.0,0.0,0.0,1.0,0.0,0.0,0.0,0.0,0.0,-1.8,129.1636,88.99,5.0,4.0,0.0,13.43,56.64,0.0,0.0,1.0,0.0,1.0,0.0,0.0,0.0,0.0,0.0,0.0,0.0,0.0,0.0,0.0,1.0,1.0,0.0,0.0,0.0,0.0,0.0,0.0,1.0,1.0,0.0,0.0,0.0,0.0,0.0,0.0,1.0,0.0,0.0,0.0,0.0,0.0,1.0,0.0,0.0,0.0,0.0,0.0,1.0,0.0,0.0,0.0,1.0,0.0,0.0,0.0,0.0,0.0,0.0,0.0,0.0,0.0,0.0,0.0,0.0,0.0,0.0,0.0,0.0,0.0,0.0,0.0,0.0,1.0,0.0,0.0,0.0,0.0,0.0,0.0,0.0,0.0,0.0,0.0,0.0,0.0,0.0,0.0,0.0,1.0,0.0,0.0,0.0,0.0,0.0,0.0,0.0,0.0,0.0,0.0,0.0,0.0,0.0,0.0,1.0,0.0,0.0,0.0,0.0,1.0,0.0,0.0,0.0,0.0,0.0,0.0,0.0,0.0,0.0,0.0,1.0,0.0,1.0,0.0,0.0,0.0,1.0,0.0,0.0,0.0,0.0,0.0,0.0,0.0,0.0,0.0,0.0
[Cl-].[Na+],CORNEAL EDEMA,_SODIUM_CHLORIDE,NCT04125394,Not Applicable,Recruiting,All,"18 Years and older   (Adult, Older Adult)",Industry|Other,Allocation: N/A|Intervention Model: Single Group Assignment|Masking: None (Open Label)|Primary Purpose: Treatment,"Hospital Universitario Príncipe de Asturias, Alcalá De Henares, Spain",6248726,7,1.0,0.0,0.0,0,0.0,1.0,0.0,0.0,0.0,0.0,0.0,1.0,0.0,0.0,0.0,0.0,0.0,0.0,0.0,1.0,1.0,0.0,0.0,0.0,0.0,0.0,0,0.0,0.0,0.0,0.0,1.0,4.0,104.609950923016,13.0,1.0,0.0,1.0,0.0,0.0,0.0,0.0,0.0,0.0,0.06,58.44300000000001,0.0,0.0,0.0,0.0,1.78,0.0,0.0,0.0,1.0,0.0,0.0,0.0,0.0,0.0,0.0,0.0,0.0,0.0,0.0,0.0,0.0,0.0,0.0,0.0,0.0,0.0,0.0,0.0,0.0,0.0,0.0,0.0,0.0,0.0,0.0,0.0,0.0,0.0,0.0,0.0,0.0,0.0,0.0,0.0,0.0,0.0,0.0,0.0,0.0,0.0,0.0,0.0,0.0,0.0,0.0,0.0,0.0,0.0,0.0,0.0,0.0,0.0,0.0,0.0,0.0,0.0,0.0,0.0,0.0,0.0,0.0,1.0,0.0,0.0,0.0,0.0,0.0,0.0,0.0,0.0,0.0,0.0,0.0,0.0,1.0,0.0,0.0,0.0,0.0,0.0,0.0,0.0,0.0,0.0,0.0,0.0,0.0,0.0,0.0,0.0,0.0,0.0,0.0,0.0,0.0,0.0,0.0,0.0,0.0,0.0,0.0,0.0,0.0,0.0,0.0,0.0,0.0,0.0,0.0,0.0,0.0,0.0,0.0,0.0,0.0,0.0,0.0,0.0,0.0,0.0,0.0,0.0,0.0,0.0,0.0,0.0,0.0,0.0
COc1ccc(C(CN(C)C)C2(O)CCCCC2)cc1,MENIERE'S DISEASE,_VENLAFAXINE,NCT04218123,Phase 2|Phase 3,Recruiting,All,"18 Years and older   (Adult, Older Adult)",Other,"Allocation: Randomized|Intervention Model: Crossover Assignment|Masking: Quadruple (Participant, Care Provider, Investigator, Outcomes Assessor)|Primary Purpose: Treatment","Medical Univeristy of South Carolina, Charleston, South Carolina, United States",5916923.0,1,1.0,0.0,0.0,0,0.0,1.0,0.0,0.0,0.0,0.0,0.0,0.0,0.0,1.0,0.0,1.0,0.0,0.0,0.0,0.0,0.0,1.0,0.0,0.0,0.0,0.0,0,1.0,0.0,0.0,0.0,0.0,3.0,26.678165876096,374.0,0.0,1.0,0.0,0.0,0.0,0.0,0.0,0.0,1.0,2.69,277.4018,32.7,3.0,1.0,2.0,32.33,83.02,5.0,0.0,1.0,0.0,1.0,1.0,1.0,0.0,1.0,0.0,0.0,0.0,0.0,0.0,1.0,1.0,1.0,1.0,0.0,0.0,0.0,0.0,0.0,0.0,0.0,0.0,0.0,0.0,0.0,0.0,0.0,0.0,0.0,0.0,1.0,0.0,0.0,1.0,0.0,0.0,1.0,0.0,0.0,1.0,0.0,0.0,0.0,0.0,1.0,0.0,0.0,0.0,0.0,0.0,0.0,0.0,1.0,1.0,0.0,1.0,0.0,0.0,0.0,0.0,0.0,1.0,0.0,1.0,0.0,0.0,1.0,0.0,1.0,0.0,0.0,0.0,0.0,1.0,0.0,0.0,0.0,0.0,1.0,0.0,1.0,1.0,0.0,0.0,1.0,1.0,1.0,0.0,0.0,0.0,0.0,0.0,0.0,0.0,0.0,0.0,0.0,0.0,1.0,0.0,1.0,0.0,1.0,0.0,0.0,0.0,0.0,0.0,0.0,0.0,0.0,0.0,0.0,1.0,0.0,0.0,0.0,0.0,0.0,0.0,0.0,0.0,0.0,0.0,0.0,0.0,1.0,0.0
COc1cc(CC(C)N)c(OC)cc1C,FUCHS' ENDOTHELIAL DYSTROPHY,_DOM,NCT02542644,Not Applicable,Recruiting,All,"18 Years to 98 Years   (Adult, Older Adult)",Other,Allocation: N/A|Intervention Model: Single Group Assignment|Masking: None (Open Label)|Primary Purpose: Diagnostic,"Medical University Vienna, Department of Clinical Pharmacology, Vienna, Austria|Vienna Institute for Research in Ocular Surgery (VIROS), Vienna, Austria",WO-1998042331-A1,5,1.0,0.0,0.0,0,0.0,1.0,0.0,0.0,0.0,0.0,0.0,1.0,0.0,0.0,0.0,0.0,0.0,0.0,0.0,1.0,1.0,0.0,0.0,0.0,0.0,0.0,0,1.0,0.0,0.0,0.0,0.0,10.0,32.7488,13.0,0.0,1.0,0.0,0.0,1.0,0.0,0.0,0.0,0.0,2.02,209.2848,44.48,3.0,1.0,1.0,24.09,61.67,4.0,0.0,1.0,0.0,1.0,1.0,0.0,0.0,0.0,0.0,0.0,0.0,0.0,0.0,0.0,0.0,0.0,0.0,0.0,0.0,0.0,0.0,1.0,1.0,0.0,0.0,0.0,0.0,0.0,0.0,0.0,1.0,0.0,0.0,1.0,0.0,0.0,1.0,0.0,0.0,0.0,0.0,1.0,0.0,0.0,0.0,0.0,0.0,0.0,0.0,0.0,0.0,1.0,0.0,1.0,0.0,0.0,0.0,0.0,1.0,0.0,0.0,1.0,0.0,1.0,0.0,0.0,0.0,0.0,0.0,0.0,0.0,0.0,1.0,0.0,0.0,0.0,1.0,0.0,0.0,0.0,0.0,0.0,1.0,1.0,1.0,0.0,0.0,0.0,0.0,0.0,0.0,0.0,0.0,0.0,0.0,0.0,0.0,0.0,0.0,0.0,0.0,0.0,0.0,1.0,0.0,0.0,0.0,0.0,0.0,1.0,1.0,1.0,0.0,0.0,1.0,0.0,0.0,0.0,0.0,0.0,0.0,0.0,0.0,1.0,1.0,0.0,0.0,0.0,0.0,0.0,0.0
CO[C@@]12[C@H](COC(N)=O)C3=C(C(=O)C(C)=C(N)C3=O)N1C[C@@H]1N[C@@H]12,RECURRENT PTERYGIUM,_MITOMYCIN,NCT04463901,Not Applicable,Recruiting,All,"18 Years to 80 Years   (Adult, Older Adult)",Other,Allocation: Randomized|Intervention Model: Parallel Assignment|Masking: Single (Outcomes Assessor)|Primary Purpose: Treatment,"Zhongshan Ophthalmic Center, Sun Yat-sen University, Guangzhou, Guangdong, China",7806265.0,A61K9/0048,1.0,0.0,0.0,0,0.0,1.0,0.0,0.0,0.0,0.0,0.0,0.0,0.0,1.0,0.0,0.0,0.0,1.0,0.0,0.0,0.0,0.0,1.0,0.0,0.0,0.0,0,1.0,0.0,0.0,0.0,0.0,14.0,50.79365079365071,3420.0,0.0,1.0,0.0,0.0,0.0,1.0,0.0,0.0,0.0,-0.55,334.3272,146.89,7.0,3.0,4.0,32.77,83.27,4.0,0.0,1.0,0.0,0.0,0.0,0.0,0.0,0.0,0.0,0.0,0.0,0.0,0.0,1.0,0.0,1.0,0.0,0.0,0.0,0.0,0.0,1.0,1.0,1.0,0.0,0.0,0.0,0.0,0.0,1.0,0.0,0.0,1.0,1.0,0.0,1.0,1.0,1.0,0.0,1.0,1.0,0.0,1.0,0.0,1.0,0.0,0.0,0.0,0.0,1.0,1.0,0.0,1.0,1.0,1.0,1.0,1.0,0.0,1.0,0.0,0.0,1.0,0.0,0.0,0.0,0.0,0.0,1.0,0.0,0.0,0.0,1.0,1.0,0.0,0.0,0.0,1.0,0.0,0.0,1.0,0.0,0.0,0.0,1.0,0.0,0.0,0.0,0.0,0.0,0.0,0.0,1.0,0.0,1.0,1.0,0.0,0.0,0.0,0.0,1.0,0.0,1.0,1.0,1.0,0.0,0.0,1.0,0.0,0.0,0.0,0.0,0.0,0.0,0.0,0.0,1.0,0.0,0.0,1.0,0.0,0.0,0.0,1.0,0.0,0.0,0.0,1.0,0.0,1.0,1.0,0.0
CC[C@@H]1C(=O)OC[C@@H]1Cc1cncn1C,"GLAUCOMA, ANGLE-CLOSURE",_PILOCARPINE,NCT02613013,Not Applicable,Recruiting,All,"40 Years to 75 Years   (Adult, Older Adult)",Other,Allocation: Randomized|Intervention Model: Parallel Assignment|Masking: None (Open Label)|Primary Purpose: Treatment,"Zhongshan Ophthalmic Center, Guangzhou, Guangdong, China",3947573,C08L71/02,1.0,0.0,0.0,0,0.0,1.0,0.0,0.0,0.0,0.0,0.0,0.0,0.0,1.0,0.0,0.0,0.0,1.0,0.0,0.0,0.0,0.0,1.0,0.0,0.0,0.0,0,1.0,0.0,0.0,0.0,0.0,13.0,17.380233680363,24.0,1.0,0.0,0.0,0.0,0.0,0.0,1.0,0.0,0.0,1.15,208.2569,44.12,2.0,0.0,2.0,22.34,56.53,3.0,0.0,1.0,0.0,0.0,1.0,0.0,1.0,0.0,0.0,0.0,1.0,0.0,0.0,1.0,0.0,0.0,0.0,1.0,0.0,1.0,0.0,0.0,0.0,0.0,1.0,0.0,0.0,0.0,0.0,0.0,0.0,0.0,1.0,1.0,0.0,0.0,1.0,0.0,0.0,1.0,1.0,1.0,1.0,0.0,1.0,0.0,0.0,0.0,1.0,1.0,0.0,0.0,0.0,0.0,0.0,0.0,0.0,0.0,0.0,0.0,1.0,1.0,0.0,0.0,0.0,0.0,0.0,0.0,0.0,0.0,1.0,0.0,0.0,1.0,0.0,0.0,0.0,1.0,0.0,0.0,0.0,0.0,0.0,1.0,1.0,0.0,0.0,0.0,0.0,0.0,0.0,0.0,0.0,0.0,0.0,0.0,0.0,0.0,0.0,0.0,1.0,1.0,0.0,1.0,0.0,0.0,0.0,0.0,0.0,0.0,0.0,0.0,0.0,0.0,0.0,1.0,0.0,0.0,1.0,0.0,0.0,0.0,0.0,0.0,1.0,1.0,1.0,0.0,0.0,0.0,1.0
CCCOc1ccc(C(=O)OCCN(CC)CC)cc1N,"GLAUCOMA, ANGLE-CLOSURE",_PROPARACAINE,NCT02613013,Not Applicable,Recruiting,All,"40 Years to 75 Years   (Adult, Older Adult)",Other,Allocation: Randomized|Intervention Model: Parallel Assignment|Masking: None (Open Label)|Primary Purpose: Treatment,"Zhongshan Ophthalmic Center, Guangzhou, Guangdong, China",4022899,5,1.0,0.0,0.0,0,0.0,1.0,0.0,0.0,0.0,0.0,0.0,0.0,0.0,1.0,0.0,0.0,0.0,1.0,0.0,0.0,0.0,0.0,1.0,0.0,0.0,0.0,0,1.0,0.0,0.0,0.0,0.0,26.0,16.9859750713566,522.0,0.0,1.0,0.0,0.0,1.0,0.0,0.0,0.0,0.0,2.97,294.3892,64.79,4.0,1.0,1.0,34.0,86.04,10.0,0.0,1.0,0.0,0.0,0.0,0.0,0.0,1.0,0.0,0.0,0.0,0.0,0.0,1.0,0.0,0.0,1.0,1.0,0.0,0.0,1.0,0.0,1.0,0.0,0.0,0.0,0.0,0.0,0.0,1.0,0.0,0.0,0.0,0.0,1.0,0.0,1.0,0.0,0.0,1.0,0.0,1.0,1.0,0.0,0.0,0.0,0.0,1.0,0.0,0.0,0.0,0.0,1.0,1.0,0.0,1.0,0.0,0.0,1.0,1.0,0.0,0.0,0.0,0.0,1.0,0.0,1.0,0.0,0.0,0.0,0.0,0.0,0.0,0.0,0.0,0.0,0.0,0.0,0.0,1.0,0.0,0.0,0.0,1.0,1.0,0.0,0.0,0.0,1.0,1.0,0.0,0.0,0.0,0.0,0.0,1.0,0.0,1.0,0.0,0.0,0.0,0.0,0.0,1.0,0.0,1.0,0.0,0.0,1.0,0.0,1.0,1.0,0.0,1.0,0.0,0.0,1.0,1.0,0.0,0.0,0.0,0.0,0.0,0.0,0.0,0.0,1.0,0.0,1.0,0.0,0.0
CN(C)CCOC(=O)C(c1ccccc1)C1(O)CCCC1,CATARACT SURGERY,_CYCLOPENTOLATE,NCT03375996,,Recruiting,All,"18 Years and older   (Adult, Older Adult)",Other,Observational Model: Case-Only|Time Perspective: Prospective,"Chu Reims, Reims, France",3962414,A61F9/0017,1.0,0.0,0.0,0,0.0,1.0,0.0,0.0,0.0,0.0,1.0,0.0,0.0,0.0,1.0,0.0,0.0,0.0,0.0,0.0,1.0,0.0,0.0,0.0,0.0,0.0,0,1.0,0.0,0.0,0.0,0.0,9.0,19.450091377646306,193.0,0.0,1.0,0.0,0.0,0.0,0.0,1.0,0.0,0.0,2.09,291.3853,49.77,3.0,1.0,2.0,32.51,82.81,7.0,0.0,1.0,0.0,0.0,1.0,1.0,0.0,1.0,1.0,0.0,0.0,0.0,0.0,1.0,1.0,1.0,1.0,0.0,0.0,0.0,0.0,1.0,1.0,0.0,0.0,0.0,0.0,0.0,0.0,0.0,0.0,0.0,0.0,1.0,1.0,0.0,1.0,0.0,0.0,1.0,1.0,0.0,1.0,0.0,1.0,0.0,0.0,1.0,1.0,0.0,1.0,0.0,0.0,0.0,0.0,0.0,1.0,0.0,1.0,0.0,0.0,0.0,0.0,0.0,0.0,0.0,0.0,1.0,0.0,0.0,0.0,0.0,1.0,0.0,0.0,0.0,0.0,0.0,0.0,0.0,0.0,0.0,0.0,1.0,1.0,0.0,0.0,1.0,1.0,1.0,0.0,0.0,0.0,0.0,0.0,0.0,0.0,0.0,0.0,0.0,0.0,0.0,0.0,1.0,0.0,1.0,0.0,0.0,0.0,0.0,0.0,0.0,0.0,0.0,0.0,0.0,1.0,1.0,0.0,0.0,0.0,0.0,0.0,0.0,0.0,0.0,0.0,0.0,1.0,0.0,0.0
Cc1ccc(C(=O)OCc2ccc([C@@H](CN)C(=O)Nc3ccc4cnccc4c3)cc2)c(C)c1,FUCHS' ENDOTHELIAL DYSTROPHY,_NETARSUDIL,NCT03971357,Phase 2|Phase 3,Recruiting,All,"18 Years and older   (Adult, Older Adult)",Industry,"Allocation: Randomized|Intervention Model: Parallel Assignment|Masking: Triple (Participant, Investigator, Outcomes Assessor)|Primary Purpose: Treatment","Price Vision Group, Indianapolis, Indiana, United States",8450344,3,1.0,0.0,0.0,0,0.0,1.0,0.0,0.0,0.0,0.0,0.0,0.0,0.0,1.0,0.0,0.0,0.0,1.0,0.0,0.0,0.0,1.0,0.0,0.0,0.0,0.0,0,0.0,1.0,0.0,0.0,0.0,37.0,58.0874350602681,2.0,0.0,1.0,1.0,0.0,0.0,0.0,0.0,0.0,0.0,3.77,453.542,94.31,4.0,2.0,4.0,51.09,134.66,8.0,0.0,1.0,0.0,1.0,1.0,0.0,0.0,0.0,0.0,0.0,0.0,0.0,1.0,1.0,0.0,0.0,0.0,0.0,0.0,0.0,1.0,0.0,1.0,0.0,0.0,0.0,0.0,1.0,0.0,0.0,0.0,0.0,0.0,1.0,1.0,0.0,1.0,1.0,1.0,0.0,0.0,0.0,1.0,0.0,0.0,0.0,0.0,0.0,0.0,0.0,0.0,0.0,0.0,1.0,0.0,0.0,0.0,1.0,1.0,1.0,1.0,1.0,0.0,0.0,1.0,0.0,1.0,1.0,0.0,1.0,1.0,0.0,0.0,0.0,1.0,0.0,0.0,1.0,1.0,1.0,1.0,0.0,0.0,1.0,1.0,0.0,0.0,1.0,1.0,1.0,0.0,0.0,1.0,1.0,0.0,0.0,1.0,0.0,0.0,0.0,0.0,0.0,0.0,1.0,0.0,0.0,0.0,0.0,1.0,0.0,1.0,0.0,0.0,0.0,1.0,0.0,0.0,0.0,0.0,0.0,1.0,0.0,0.0,0.0,0.0,1.0,0.0,1.0,1.0,0.0,1.0
NS(=O)(=O)c1cc(C(=O)O)c(NCc2ccco2)cc1Cl,NASAL POLYPS,_FUROSEMIDE,NCT03362515,Phase 2,Recruiting,All,"18 Years to 65 Years   (Adult, Older Adult)",Other,"Allocation: Randomized|Intervention Model: Parallel Assignment|Masking: Quadruple (Participant, Care Provider, Investigator, Outcomes Assessor)|Primary Purpose: Treatment","Thomas Jefferson University Department of Otolaryngology, Philadelphia, Pennsylvania, United States",3939713,G01N30/18,1.0,0.0,0.0,0,0.0,1.0,0.0,0.0,0.0,0.0,0.0,0.0,0.0,1.0,0.0,0.0,0.0,1.0,0.0,0.0,0.0,1.0,0.0,0.0,0.0,0.0,0,1.0,0.0,0.0,0.0,0.0,9.0,11.8606131542742,1299.0,0.0,1.0,0.0,0.0,0.0,0.0,1.0,0.0,0.0,2.71,330.744,122.63,5.0,3.0,2.0,30.55,77.47,5.0,0.0,1.0,0.0,1.0,0.0,1.0,0.0,0.0,1.0,1.0,0.0,1.0,0.0,1.0,0.0,0.0,0.0,1.0,1.0,1.0,0.0,0.0,1.0,0.0,0.0,0.0,1.0,0.0,0.0,0.0,1.0,0.0,0.0,0.0,0.0,1.0,0.0,0.0,0.0,0.0,0.0,0.0,1.0,0.0,0.0,0.0,0.0,0.0,0.0,0.0,0.0,1.0,1.0,0.0,1.0,0.0,0.0,0.0,0.0,1.0,0.0,1.0,0.0,0.0,0.0,0.0,0.0,1.0,1.0,0.0,0.0,1.0,0.0,0.0,1.0,1.0,0.0,0.0,0.0,0.0,0.0,0.0,0.0,1.0,1.0,0.0,0.0,0.0,0.0,1.0,0.0,0.0,0.0,1.0,0.0,0.0,0.0,1.0,0.0,0.0,0.0,0.0,0.0,1.0,0.0,0.0,0.0,0.0,0.0,0.0,1.0,0.0,0.0,1.0,0.0,0.0,0.0,0.0,0.0,0.0,0.0,0.0,0.0,0.0,0.0,0.0,0.0,0.0,1.0,0.0,1.0
O=C1OC2(c3ccc(O)cc3Oc3cc(O)ccc32)c2ccccc21,RETINAL VEIN OCCLUSION|MACULAR EDEMA,_FLUORESCEIN,NCT04140448,,Recruiting,All,"18 Years and older   (Adult, Older Adult)",Other,Observational Model: Cohort|Time Perspective: Prospective,"Renmin Hospital of Wuhan University, Wuhan, Hubei, China",10293047,2,1.0,0.0,0.0,0,0.0,1.0,0.0,0.0,0.0,0.0,1.0,0.0,0.0,0.0,1.0,0.0,0.0,0.0,0.0,0.0,0.0,0.0,1.0,0.0,0.0,0.0,0,1.0,0.0,0.0,0.0,0.0,30.0,18.135896014291802,9013.0,0.0,1.0,1.0,0.0,0.0,0.0,0.0,0.0,0.0,2.64,332.3063,75.99,3.0,2.0,5.0,33.14,91.22,0.0,0.0,1.0,0.0,0.0,1.0,1.0,0.0,0.0,0.0,0.0,0.0,0.0,0.0,1.0,0.0,0.0,0.0,0.0,0.0,1.0,0.0,1.0,0.0,0.0,0.0,0.0,0.0,0.0,0.0,0.0,0.0,0.0,0.0,0.0,0.0,0.0,1.0,0.0,0.0,1.0,1.0,0.0,1.0,1.0,0.0,1.0,0.0,0.0,0.0,0.0,1.0,0.0,0.0,0.0,0.0,1.0,0.0,0.0,0.0,0.0,0.0,1.0,0.0,1.0,0.0,0.0,0.0,1.0,0.0,1.0,0.0,0.0,0.0,0.0,0.0,1.0,0.0,0.0,0.0,1.0,0.0,0.0,0.0,0.0,1.0,1.0,0.0,1.0,0.0,1.0,0.0,1.0,0.0,0.0,0.0,0.0,0.0,0.0,0.0,1.0,0.0,0.0,0.0,1.0,0.0,0.0,0.0,0.0,1.0,0.0,1.0,0.0,0.0,0.0,0.0,0.0,1.0,0.0,0.0,0.0,0.0,0.0,1.0,0.0,0.0,0.0,0.0,0.0,1.0,0.0,0.0
O=c1ccn([C@@H]2O[C@H](COP(=O)(O)OP(=O)(O)OP(=O)(O)OP(=O)(O)OC[C@H]3O[C@@H](n4ccc(=O)[nH]c4=O)[C@H](O)[C@@H]3O)[C@@H](O)[C@H]2O)c(=O)[nH]1,DRY EYE,_DIQUAFOSOL,NCT04548427,Phase 3,Recruiting,All,"19 Years and older   (Adult, Older Adult)",Industry,"Allocation: Randomized|Intervention Model: Parallel Assignment|Masking: Double (Participant, Investigator)|Primary Purpose: Treatment","Pusan National University Hospital, Pusan, Korea, Republic of",,,1.0,0.0,0.0,0,0.0,1.0,0.0,0.0,0.0,0.0,0.0,0.0,0.0,1.0,0.0,0.0,0.0,1.0,0.0,0.0,0.0,0.0,0.0,1.0,0.0,0.0,0,0.0,1.0,0.0,0.0,0.0,15.0,32.7488,128.0,0.0,0.0,0.0,0.0,0.0,0.0,1.0,1.0,0.0,2.1233,442.0703,112.1969,5.0,2.0,3.0,44.7137,115.5493,5.0,0.0,0.0,1.0,0.0,1.0,0.0,0.0,0.0,0.0,0.0,0.0,0.0,0.0,1.0,0.0,0.0,0.0,0.0,0.0,1.0,0.0,0.0,0.0,0.0,0.0,0.0,0.0,1.0,0.0,0.0,0.0,0.0,0.0,1.0,0.0,1.0,0.0,0.0,0.0,0.0,0.0,0.0,1.0,0.0,0.0,1.0,0.0,0.0,0.0,1.0,0.0,0.0,0.0,0.0,0.0,1.0,0.0,0.0,1.0,0.0,0.0,1.0,0.0,0.0,0.0,0.0,0.0,1.0,1.0,0.0,0.0,1.0,0.0,1.0,0.0,0.0,0.0,0.0,1.0,0.0,1.0,0.0,1.0,1.0,1.0,0.0,0.0,1.0,0.0,1.0,0.0,0.0,0.0,1.0,0.0,0.0,0.0,0.0,1.0,0.0,0.0,1.0,0.0,1.0,0.0,1.0,0.0,0.0,1.0,0.0,0.0,0.0,0.0,0.0,0.0,1.0,0.0,1.0,0.0,0.0,0.0,1.0,0.0,0.0,1.0,0.0,1.0,1.0,0.0,0.0,0.0
